ملحقَبالمزيدَبحرفين,اِفعَللَ,اِفعَنل ََلَ,ملحقَبالمزيدَبحرف,تفَعْللَََ,ملحقَبمجردَالرباعي,فعَْل ََلَ,م,,ص,ج
"",,,,,,,,,,
"",,,,,,أَبْْلَََ,427,,27,ءَبَهَلََ
"",,,,,,,,,,
"",,,,,,أَحْأ ََحَ,292,,6,ءَحَءَحَ
"",,,,تأَسَْتَََ,,أَسْ ََتََ,267,,1,ءَسَتَرَ
"",,,,,,أَس تَ ََلَ,269,,1,ءَسَتَلَ
"",,,,تأَكَْسَ ََد,,أَكْسَدَََ,389,,1,ءَكَسَدَ
"",,,,تبََأبَأَ,,بأَبَأَ,135,,1,بَءَبَءَ
"",,,,,,بأََدََلََ,48,,28,بَءَدَلَ
"",,,,,,بأَذَْ ََن,227,,34,بَءَذَنَ
"",اِبثْأَرَ,,,,,َ,61,,2,بَثَءَرَ
"",,,,,,بثَبثََََ,161,,5,بَثَبَثَ
"",اِبثْعََر,,,,,,104,,10,بَثَعَرَ
"",,,,تبََجْبَ ََج,,بََبَ ََجَ,411,,5,بَجَبَجَ
"",,,,تبََحْبَحََ,,بَحبَ ََحَ,298,,6,بَحَبَحَ
"",,,,تبََحْتَََ,,,130,,10,بَحَتَرَ
"",,,,تبََحْثَََ,,بَح ََثَ,132,,10,بَحَثَرَ
"",,,,تبََحْثَََ,,بَحثَََ,234,,34,بَحَثَنَ
"",,,,,,بَحدَ ََل,61,,28,بَحَدَلَ
"",,,,,,بَحشَلََ,61,,28,بَحَشَلَ
"",,,,,,بَحظَ ََل,62,,28,بَحَظَلَ
"",,,,تبََحْلسَََ,,,437,,15,بَحَلَسَ
"",,,,,,بَحل َقََ,33,,25,بَحَلَقَ
"",اِبْْأنَ,,,,,َ,235َ,َ,34,بَخَءَنَ
"",,,,تبََخْبَخََ,,بَْبَخَََ,230,,7,بَخَبَخَ
"",,,,تبََخْ ََتَ,,بَْتَََ,135,,10,بَخَتَرَ
"",,,,تبََخْثَََ,,بَْ ََثَ,137,,10,بَخَثَرَ
"",,اِبْْنْدَنََ,,,,,235,,34,بَخَدَنَ
"",,اِبْْنْدَى,,,,,404,,7,بَخَدَي
"",,,,,,بَْذَ ََع,304,,20,بَخَذَعَ
"",,,,,,بَْشَشَََ,249,,1,بَخَشَشَ
"",,,,تبََحْضَلََ,,بَْضَ ََل,62,,28,بَخَضَلَ
"",,,,تبََخْل َصََ,,بَْلصََََ,485,,17,بَخَلَصَ
"",,,تبََخْن َقَ,,بَْنقََ,,35,,25,بَخَنَقَ
"",اِبدَْقرَ,,,,,,145,,10,بَدَقَرَ
ملحقَبالمزيدَبحرفين,اِفعَللَ,اِفعَنللَََ,ملحقَبالمزيدَبحرف,تفَعْل ََلَ,ملحقَبمجردَالرباعي,فعَْللَََ,م,ص,ج
"",,,,,,,,,
"",,,,,,بذَْرَقََ,36,25,بَذَرَقَ
"",اِبذَْعَر,,,تبََذْعَرََ,,,149,10,بَذَعَرَ
"",اِبذَْقرَ,,,,,,150,10,بَذَقَرَ
"",,,,,,بذَْل ََخَ,233,7,بَذَلَخَ
"",اِبرَأَل,,,تبَََأَ ََل,,برَْأَلََ,72,28,بَرَءَلَ
"",,,,ت ببَََ ََرَ,,برَْب ََرََ,159,10,بَرَبَرَ
"",,,,ت ببَََسَََ,,برَْب َسََ,444,15,بَرَبَسَ
"",,,,,,برَْب َشَََ,271,1,بَرَبَشَ
"",,,,,,برَْبصَََ,485,17,بَرَبَصَ
"",,,,,,برَْبطَ,138,19,بَرَبَطَ
"",,,,,,برَْت ََكَ,72,27,بَرَتَكَ
"",,اِب نرَ َتَْ,,,,َ,,,بَرَتَيَ
"",,,,,,برَْثطَ,139,19,بَرَثَطَ
"",,,,,,برَْجَمََ,272,31,بَرَجَمَ
"",,اِب نرَدَْعََ,,,,,313,20,بَرَدَعَ
"",,اِب نرَذَْعََ,,,,,315,20,بَرَذَعَ
"",,,,,,برَْذَ ََن,246,34,بَرَذَنَ
"",,,,تبَََزَ َقَ,,,75,25,بَرَزَقَ
"",,,,,,برَْسَََ,275,31,بَرَسَمَ
"",,,,تبَََسَ ََن,,برَْسَنَََ,289,1,بَرَسَنَ
"",,,,,,برَْشَط,140,19,بَرَشَطَ
"",,اِب نرَشَْقََ,,,,برَْشَقََ,76,25,بَرَشَقَ
"",,,,,,برَْشَكََ,72,27,بَرَشَكَ
"",,,,,,برَْ ََشَ,277,31,بَرَشَمَ
"",,,,,,برَْشَنََ,249,34,بَرَشَنَ
"",,,,,,برَْطَ َسَ,446,15,بَرَطَسَ
"",,,,,,برَْطَشََ,73,17,بَرَطَشَ
"",,,,تبَََطَلََ,,برَْطَ ََل,75,28,بَرَطَلَ
"",,اِب نرَطَْ ََم,,تبَََطَمََ,,برَْطَمََ,278,31,بَرَطَمَ
"",,,,تبَََعَصََ,,,490,17,بَرَعَصَ
"",,,,تبَََعَََ,,برَْ َََع,279,31,بَرَعَمَ
"",,,,,,برَْغ ََثَ,167,5,بَرَغَثَ
"",اِبرَغشََ,,,,,برَْغ َشََ,74,17,بَرَغَشَ
ملحقَبالمزيدَبحرفين,اِفعَللَ,اِفعَنل ََلَ,ملحقَبالمزيدَبحرف,تفَعْل ََلَ,ملحقَبمجردَالرباعي,فعَْللَََ,م,ص,ج
"",,,,,,,,,
"",,,,,,برَْغ ََلَ,76,28,بَرَغَلَ
"",,,,,,,,,
"",,,,تبَََقحَََ,,برَْقحَََ,314,6,بَرَقَحَ
"",,اِب نرَقَْ َشَ,,تبَََق َشَ,,برَْق َشََ,74,17,بَرَقَشَ
"",,,,تبَََقطَ,,برَْقطَ,140,19,بَرَقَطَ
"",,,,تبَََقعَََ,,برَْقََعَ,319,20,بَرَقَعَ
"",,,,,,برَْققََََ,303,1,بَرَقَقَ
"",,,,,,برَْقلَََ,76,28,بَرَقَلَ
"",,,,,,برَْكَسََ,447,15,بَرَكَسَ
"",,,,تبَََكَعََ,,برَْكَعََ,322,20,بَرَكَعَ
"",,,,تبَََكَََ,,برَْ ََكََ,77,28,بَرَكَلَ
"",,,,تبَََمَ ََك,,برَْمَكََ,73,27,بَرَمَكَ
"",,,ت نبَََ َسََ,,ب نرَْ َسََ,,448,15,بَرَنَسَ
"",,,,,,ب نرَْ َقََ,77,25,بَرَنَقَ
"",,,,,برَْننَََ,َ,317,1,بَرَنَنَ
"",,,,,,برَْهَََ,279,31,بَرَهَمَ
"",,,,,,برَْهَ ََن,250,34,بَرَهَنَ
"",,,,,برَْوَ ََز,َ,280,2,بَرَوَزَ
"",,,,,,بزَْب ََزََ,30,15,بَزَبَزَ
"",,,,تبَََعَ ََر,,,171,10,بَزَعَرَ
"",,,,,,بزَْمَجََ,300,2,بَزَمَجَ
"",,,,,,بزَْمَ ََخ,236,7,بَزَمَخَ
"",,,,تبَسَْبسَََ,,بسَْبسََََ,454,15,بَسَبَسَ
"",,,,تبَسَْتَََ,,بسَْ ََتَ,257,34,بَسَتَنَ
"",,,,,,بسَْمَلََ,86,28,بَسَمَلَ
"",,,,تبَشَْب َشََ,,بشَْب َشَََ,80,17,بَشَبَشَ
"",,,,,بشَ نقَََ,,82,25,بَشَنَقَ
"",,,,تبََصْبَصََ,,بصَْبَ َصََ,491,17,بَصَبَصَ
"",,,,تبََضْبَضََ,,بضَْبَ َضََ,242,18,بَضَبَضَ
"",,,,تبََطْبَط,,بطَْبَطَ,159,19,بَطَبَطَ
"",,,,تبََطْرَقََ,,,84,25,بَطَرَقَ
"",,,,تبََظْرَََم,,بظَْرَََم,291,31,بَظَرَمَ
"",,,,تبََعْ ََبََ,,بعَْبَََََ,378,1,بَعَبَرَ
"",,,,,,بعَْبَََعَ,379,1,بَعَبَعَ
ملحقَبالمزيدَبحرفين,اِفعَللَ,اِفعَنللَََ,ملحقَبالمزيدَبحرف,تفَعْل ََلَ,ملحقَبمجردَالرباعي,فعَْل ََلَ,م,ص,ج
"",,,,,,,,,
"",,,,تبََعْثَََ,,بعَْثَََ,221,10,بَعَثَرَ
"",,,,تبََعْثقَََ,,,86,25,بَعَثَقَ
"",,,,,,بعَْذَرََ,222,10,بَعَذَرَ
"",,,,تبََعْرَ َصَ,,,493,17,بَعَرَصَ
"",,,,,,بعَْزَجََ,426,5,بَعَزَجَ
"",,,,تبََعْزَقََ,,بعَْزَ َقَ,86,25,بَعَزَقَ
"",,,,تبََعْصَصََ,,َ,494,17,بَعَصَصَ
"",,,,تبََعْضَضََ,,َ,244,18,بَعَضَضَ
"",,اِبعَْنْقَى,,,,,88,25,بَعَقَي
"",,,,,,بعَْكَ ََر,222,10,بَعَكَرَ
"",,,,,بعَْنسَََ,,460,15,بَعَنَسَ
"",,,,,,بغَْبَغَََ,444,22,بَغَبَغَ
"",,,,تبََغْثَََ,,بغَْ ََثَ,224,10,بَغَثَرَ
"",,,,تبََغْدَدََ,,بغَْدَدََ,441,7,بَغَدَدَ
"",,,,تبََغْدَ ََن,,,272,34,بَغَدَنَ
"",,,,تبََغْزَ ََل,,,98,28,بَغَزَلَ
"",,,,,,بغَْسَ ََل,98,28,بَغَسَلَ
"",,,,تبََغْنجَََ,,,426,5,بَغَنَجَ
"",,,,,,بقَْبَقَََ,92,25,بَقَبَقَ
"",,,,تبََكْبَكََ,,بكَْبَ ََكَ,81,27,بَكَبَكَ
"",,,,,,بلَْْزََ,35,15,بَلَءَزَ
"",,,,,,بلَْْ َصَ,497,17,بَلَءَصَ
"",,,,,,بلَبَََََْ,416,1,بَلَبَزَ
"",,,,تبََلبَْ ََل,,بلَبَْلَََ,498,2,بَلَبَلَ
"",,,,تبََلتَْعََ,,بلَتَْ ََع,502,2,بَلَتَعَ
"",,,,,بلَ َتَْ,َ,499,4,بَلَتَيَ
"",,,,,,بلَجَْ ََم,507,2,بَلَجَمَ
"",,,,,,بلَحَْمََ,302,31,بَلَحَمَ
"",,,,تبََلخَْصََ,,,495,17,بَلَخَصَ
"",,اِبلْنَْ ََدحََ,,تبََلْْ ََح,,بلَْْحََ,320,6,بَلَدَحَ
"",,اِبلْنَْدَ ََك,,,,,83,27,بَلَدَكَ
"",,,,,,بلَْْمََ,302,31,بَلَدَمَ
"",,,,تبََلسَمََ,,بلَسَمََ,303,31,بَلَسَمَ
ملحقَبالمزيدَبحرفين,اِفعَللَ,اِفعَنللَََ,ملحقَبالمزيدَبحرف,تفَعْل ََلَ,ملحقَبمجردَالرباعي,فعَْللَََ,م,ص,ج
"",,,,,,,,,
"",,,,,,بلَصَْمََ,304,31,بَلَصَمَ
"",,,,,,,,,
"",,اِبلْنَْصََ,,,,َ,497,17,بَلَصَي
"",,,,,,بلَضَْمَََ,428,1,بَلَضَمَ
"",,,,,,بلَطَْ ََح,321,6,بَلَطَحَ
"",,,,,,بلَعَكََ,83,27,بَلَعَكَ
"",,,,,,بلَعَمََ,304,31,بَلَعَمَ
"",,اِبلْنَْقَ ََع,,,,بلَقَْعََ,359,20,بَلَقَعَ
"",,اِبلْنَْقََقََ,,,,,94,25,بَلَقَقَ
"",,,,,,بلَكَعََ,360,20,بَلَكَعَ
"",,,,,,بلَه َسََ,468,15,بَلَهَسَ
"",,,,تبََله َصََ,,بلَه َصََ,497,17,بَلَهَصَ
"",,,,,,بلَهقَََ,99,25,بَلَهَقَ
"",,,تبََلوَْ ََر,,بلَوَْرََ,,575,2,بَلَوَرَ
"",,,,,بنَْتَََ,َ,445,1,بَنَتَنَ
"",,,,,بنَْدَرََ,,44,-,بَنَدَرَ
"",,,,,بنَْدَ َقَ,,100,25,بَنَدَقَ
"",,,,تبَََبَْهََ,,بَْبَهَََ,351,36,بَهَبَهَ
"",,,,,,بَْ ََتَ,609,2,بَهَتَرَ
"",,,,,,بَْتََََ,461,1,بَهَتَنَ
"",,,,تبَََرَ ََج,,بَْرَجََ,273,10,بَهَجَرَ
"",,,,,,بَْدَلََ,126,28,بَهَدَلَ
"",,,,تبَََرَ ََج,,بَْرَج1ََ,432,5,بَهَرَجَ
"",,,,تبَََرَ َسَ,,,472,15,بَهَرَسَ
"",,,,تبَََرَمََ,,بَْرَمََ,315,31,بَهَرَمَ
"",,,,تبَََصَْلََ,,بَْصَلََ,127,28,بَهَصَلَ
"",,,,,,بَْكَثََ,178,5,بَهَكَثَ
"",,,,تبَََكَنََ,,,292,34,بَهَكَنَ
"",,,,تبَََلَْسََ,,,473,15,بَهَلَسَ
"",,,,تبَََلْصَََ,,بَْل َصََ,501,17,بَهَلَصَ
"",,,,تبَََلْقَََ,,بَْل َقََ,109,25,بَهَلَقَ
"",,,تبَََنسَََ,,بَْنسَََ,,474,15,بَهَنَسَ
"",,,تبََوْذَرََ,,بوَْذَرَََ,َ,477,1,بَوَذَرَ
ملحقَبالمزيدَبحرفين,اِفعَللَ,اِفعَنللَََ,ملحقَبالمزيدَبحرف,تفَعْل ََلَ,ملحقَبمجردَالرباعي,فعَْللَََ,م,ص,ج
"",,,,,,,,,
"",,,تبََوْلقَََ,,بوَْلقََََ,َ,491,1,بَوَلَقَ
"",,,,,بيَْببَََ,َ,54,2,بَيَبَبَ
"",,,,,بيَْجَرََ,َ,496,1,بَيَجَرَ
"",,,,,بيَْدَ ََر,َ,709,2,بَيَدَرَ
"",,,تبَيَْذَ َقَ,,,َ,497,1,بَيَذَقَ
"",,,,,بيَْطَرََ,,725,2,بَيَطَرَ
"",,,تبَيَْقَرََ,,بيَْقَ ََر,َ,230,10,بَيَقَرَ
"",,,تبَيَْكَرََ,,بيَْكَ ََر,َ,506,1,بَيَكَرَ
"",,,تبَيَْْسَََ,,,َ,472,15,بَيَهَسَ
"",,,,,,تأَتْأََ,159,1,تَءَتَءَ
"",,,,,,تبَْت ََبََ,58,2,تَبَتَبَ
"",,,,,,تبََْ ََك,90,27,تَبَرَكَ
"",,,,تتََحْتَحََ,,تََتَ ََح,325,6,تَحَتَحَ
"",,,,,,تََتَ ََخ,44,3,تَخَتَخَ
"",,,,ت ترَََ,,ترَْترََََ,282,10,تَرَتَرَ
"",,,,,,ترَْجَمََ,327,31,تَرَجَمَ
"",,,,,ترَْقََ,َ,115,25,تَرَقَي
"",,,,,,ترَْمَ َسَ,479,15,تَرَمَسَ
"",,,,تتََعْتَََع,,تعَْتَعَََ,394,20,تَعَتَعَ
"",,,,,,تغَْتَََغَ,456,22,تَغَتَغَ
"",,,,,,تفَْت َفَََ,56,23,تَفَتَفَ
"",,,,تتََقْتقََ,,تقَْتقََ,116,25,تَقَتَقَ
"",,,,,,تكَْتكََََ,96,27,تَكَتَكَ
"",اِتلَْب,,,,,,76,2,تَلَءَبَ
"",,,,,,تلَتَْ ََل,100,3,تَلَتَلَ
"",,,,تتََلمَ ََذ,,تلَمَذََ,380,9,تَلَمَذَ
"",اِتمَأرَ,,,,,َ,293,10,تَمَءَرَ
"",اِتمَألَ,,,,,,143,28,تَمَءَلَ
"",,,,,,تمَْ َََتَ,338,31,تَمَتَمَ
"",اِتمَهلَ,,,,,تمَْه ََلَ,144,28,تَمَهَلَ
"",,,,,تنَتْلَََ,,145,28,تَنَتَلَ
"",,,,,تنَْتَََ,َ,321,34,تَنَتَنَ
"",,,,تتَََتَْهََ,,تََتَ ََه,358,36,تَهَتَهَ
ملحقَبالمزيدَبحرفين,اِفعَللَ,اِفعَنللَََ,ملحقَبالمزيدَبحرف,تفَعْل ََلَ,ملحقَبمجردَالرباعي,فعَْللَََ,م,ص,ج
"",,,,,,,,,
"",,,,تثَأَثَْأَ,,ثأَثْأََ,161,1,ثَءَثَءَ
"",,,,,,,,,
"",,,,تثَأَل ََلَ,,ثأَلْلَََ,203,3,ثَءَلَلَ
"",اِثبَْأجَ,,,,,َ,444,5,ثَبَءَجَ
"",اِثبَْأ َطَ,,,,,َ,177,19,ثَبَءَطَ
"",,,,,,ثبَْثبَََ,209,3,ثَبَثَبَ
"",اِثبَْجَر,,,,,,306,10,ثَبَجَرَ
"",,,,تثَجَْث ََجَ,,ثََث ََجَ,221,3,ثَجَثَجَ
"",,,,,,ثََثحَََ,330,6,ثَحَثَحَ
"",,اِث نرَبَْجََ,,,,,236,3,ثَرَبَجَ
"",,اِث نرَتََْ,,,,,477,4,ثَرَتَي
"",,,,,,ثرَْث ََرَ,236,3,ثَرَثَرَ
"",,اِث نرَدَْى,,,,,464,7,ثَرَدَي
"",,اِث نرَطَْأَ,,,,,164,1,ثَرَطَءَ
"",,,,,,ثرَْطَلََ,151,28,ثَرَطَلَ
"",,,,,,ثرَْطَ ََم,354,31,ثَرَطَمَ
"",,,,,,ثرَْعَط,179,19,ثَرَعَطَ
"",,,,,,ثرَْمَدََ,465,7,ثَرَمَدَ
"",,اِث نرَمَْط,,,,ثرَْمَ ََط,179,19,ثَرَمَطَ
"",,اِثرَم ََطَ,,,,,,,
"",,,,,,ثرَْمَلََ,151,28,ثَرَمَلَ
"",,,,تثَطَْعَمََ,,,354,31,ثَطَعَمَ
"",,,,تثَعَْثعَََ,,ثعَْثََعََ,409,20,ثَعَثَعَ
"",,اِثعَنْجَجََ,,,,َ,330,6,ثَعَجَجَ
"",,اِثعَنْجَ ََح,,,,,330,6,ثَعَجَحَ
"",,اِثعَنْجَرََ,,,,ثعَْجَرََ,318,10,ثَعَجَرَ
"",,,,,,ثعَْرَرََ,321,10,ثَعَرَرَ
"",,,,تثَعَْل ََبَ,,ثعَْل ََبَ,89,2,ثَعَلَبَ
"",,,,,,ثغَْثََغََ,459,22,ثَغَثَغَ
"",,,,تثَفَْرَقََ,,,121,25,ثَفَرَقَ
"",,,,,,ثقَْثقَََ,121,25,ثَقَثَقَ
"",,,,,,ثكَْث ََكََ,98,27,ثَكَثَكَ
"",,,,تثَلَثْ ََلَ,,ثلَثْلََََ,164,28,ثَلَثَلَ
"",,,,,,ثلَمَط,185,19,ثَلَمَطَ
ملحقَبالمزيدَبحرفين,اِفعَللَ,اِفعَنللَََ,ملحقَبالمزيدَبحرف,تفَعْل ََلَ,ملحقَبمجردَالرباعي,فعَْللَََ,م,ص,ج
"",,,,,,,,,
"",,,,تثَمَْ َََث,,ثمَْثَََ,363,31,ثَمَثَمَ
"",اِثمَعَد,,,,,,469,7,ثَمَعَدَ
"",,,,,ثنَتْ ََلَ,,169,28,ثَنَتَلَ
"",,,,,ثنَْ ََثَ,,341,3,ثَنَثَنَ
"",,,,,,ثََثهَََ,362,36,ثَهَثَهَ
"",,,,,ثيَتْ ََلَ,,373,3,ثَيَتَلَ
"",,,,,,جَأب ََزََ,12,4,جَءَبَزَ
"",,,,تََأجََْأ,,جَأجَْأَ,165,1,جَءَجَءَ
"",,,,,,جَأل ََلََ,226,28,جَءَلَلَ
"",,,,تََبْجَ ََب,,جَبْجَبَََ,28,4,جَبَجَبَ
"",اِجْثأَلَ,,,,,َ,186,28,جَثَءَلَ
"",,,,تََثجَْ ََث,,جَثجَْ ََثَ,195,5,جَثَجَثَ
"",,,,,,جَحْجَ ََب,131,2,جَحَجَبَ
"",,,,,,جَحْجَحََ,332,6,جَحَجَحَ
"",,,,تََحْدَرََ,,جَحْدَرََ,376,10,جَحَدَرَ
"",,,,تََحْدَلََ,,جَحْدَ ََل,189,28,جَحَدَلَ
"",,,,,,جَحْدَََم,374,31,جَحَدَمَ
"",,,,,,جَحْرَمََ,375,31,جَحَرَمَ
"",,اِجْحَنشَْشََ,,,,,99,17,جَحَشَش
"",,,,,,جَحْظَمََ,375,31,جَحَظَمَ
"",,,,تََحْفَ ََل,,جَحْفَ ََل,190,28,جَحَفَلَ
"",,,,,,جَحْلَََ,376,31,جَحَلَمَ
"",,,,,,جَحْمَ َظ,207,20,جَحَمَظَ
"",,,,,جَحْنشَََ,,99,17,جَحَنَشَ
"",,,,تََخْجَخََ,,جَخْجَخَََ,242,7,جَخَجَخَ
"",,,,,,جَخْدَبََ,134,2,جَخَدَبَ
"",,,,,,جَخْدَ ََل,191,28,جَخَدَلَ
"",,,,,,جَخْدَمََ,376,31,جَخَدَمَ
"",,,,,جَدْوَلََ,,145,4,جَدَوَلَ
"",اِجْذَأَر,,,,,,391,10,جَذَءَرَ
"",,,,,,جَذْجَذََ,151,4,جَذَجَذَ
"",اِجْرَأَبَ,,,,,َ,156,2,جَرَءَبَ
"",اِجْرَأَ َش,,,,,َ,102,17,جَرَءَشَ
ملحقَبالمزيدَبحرفين,اِفعَللَ,اِفعَنل ََلَ,ملحقَبالمزيدَبحرف,تفَعْل ََلَ,ملحقَبمجردَالرباعي,فعَْل ََلَ,م,ص,ج
"",,,,,,,,,
"",,,,,,جَرْبذَََ,386,9,جَرَبَذَ
"",,,,,,,,,
"",,,,,,جَرْبزَََ,55,15,جَرَبَزَ
"",,,,,,جَرْثلَََ,201,28,جَرَثَلَ
"",,اِجْ نرَثَََْ,,تََرْثَََ,,,395,31,جَرَثَمَ
"",,,تََرْ َثَ,,,َ,197,5,جَرَثَيَ
"",,,,,,جَرْجَ ََب,158,2,جَرَجَبَ
"",,,,تََرْجَ ََر,,جَرْجَ ََرَ,187,4,جَرَجَرَ
"",,,,تََرْجَ ََم,,جَرْجَمََ,397,31,جَرَجَمَ
"",,,,,,جَرْدَبََ,158,2,جَرَدَبَ
"",,,,,,جَرْدَحََ,340,6,جَرَدَحَ
"",,,,,,جَرْدَ ََل,201,28,جَرَدَلَ
"",,,,,,جَرْدَمََ,398,31,جَرَدَمَ
"",,,,,,جَرْذَمََ,398,31,جَرَذَمَ
"",,,,,,جَرْ ََسَ,398,31,جَرَسَمَ
"",,,,,,جَرْشَ ََب,159,2,جَرَشَبَ
"",,اِجْ نرَشَْ ََم,,,,جَرْشَََ,399,31,جَرَشَمَ
"",اِجْرَعَب,,,,,جَرْعَبََ,160,2,جَرَعَبَ
"",اِجْرَعَن,,,,,,354,34,جَرَعَنَ
"",,,,,,جَرْفخَََ,243,7,جَرَفَخَ
"",,,,,,جَرْفسَََ,498,15,جَرَفَسَ
"",,,,,,جَرْكَشَََ,190,2,جَرَكَشَ
"",,اِجْ نرَمَْزََ,,تََرْمَ ََز,,جَرْمَزََ,56,15,جَرَمَزَ
"",,اِجْرَمزَََ,,,,,,,
"",,,,,,جَرْمَقََ,267,4,جَرَمَقَ
"",اِجْرَهَد,,,,,جَرْهَدََ,272,4,جَرَهَدَ
"",,,,تََرْ َََه,,جَرْهَََ,273,4,جَرَهَمَ
"",اِجْسَأنَ,,,,,َ,553,34,جَسَءَنَ
"",,,,,,جَشْجَشَََ,106,17,جَشَجَشَ
"",,,,تََعْبََأ,,جَعْبَأََ,356,4,جَعَبَءَ
"",,,,,,جَعْ ََبََ,442,10,جَعَبَرَ
"",,,,,,جَعْبَلََ,211,28,جَعَبَلَ
"",,اِجْتعْبََ,تََعْ َبَ,,جَعْ َبَ,َ,164,2,جَعَبَيَ
"",,,,,,جَعْث ََبَ,165,2,جَعَثَبَ
ملحقَبالمزيدَبحرفين,اِفعَللَ,اِفعَنللَََ,ملحقَبالمزيدَبحرف,تفَعْللَََ,ملحقَبمجردَالرباعي,فعَْللَََ,م,ص,ج
"",,,,,,,,,
"",,,,,,جَعْثَََ,443,10,جَعَثَرَ
"",,,,تََعْثَََ,,,411,31,جَعَثَمَ
"",,,,تََعْثَََ,,,357,34,جَعَثَنَ
"",,,,تََعْجَعََ,,جَعْجَعَََ,442,20,جَعَجَعَ
"",,,,,,جَعْدَرََ,368,4,جَعَدَرَ
"",اِجْعَظَر,,,,,جَعْظَ ََر,444,10,جَعَظَرَ
"",,,,,,جَعََْف ََد,506,7,جَعَفَدَ
"",,,,,,جَعْفَقََ,127,25,جَعَفَقَ
"",,,,,,جَعْفَ ََل,212,28,جَعَفَلَ
"",,,,,,جَعْمَ ََر,447,10,جَعَمَرَ
"",,,,,,جَعْمَسََ,505,15,جَعَمَسَ
"",,,,,,جَعْمَصَََ,227,2,جَعَمَصَ
"",اِجْفَأ َظَ,,,,,َ,210,20,جَفَءَظَ
"",,,,تََفْجَ َفَ,,جَفْجَفَََ,88,23,جَفَجَفَ
"",,,,تََلبَْ ََب,,جَلبَْبَََ,168,2,جَلَبَبَ
"",,,,,,جَلبَْ ََد,425,4,جَلَبَدَ
"",,,,,,جَلبَْ َصَ,425,4,جَلَبَصَ
"",,,,تََلتَََْ,,جَلتَََْ,426,4,جَلَتَنَ
"",,,,تََلجَْ ََل,,جَلجَْلَََ,426,4,جَلَجَلَ
"",اِجْلحََم,,,,,جَلحَْ ََم,415,31,جَلَحَمَ
"",اِجْلخََب,,,,,,181,2,جَلَخَبَ
"",اِجْلخََد,,,,,,515,7,جَلَخَدَ
"",اِجْلخََذ,,,,,,437,4,جَلَخَذَ
"",اِجْلخََم,,,,,,416,31,جَلَخَمَ
"",,اِجْلنَْخَى,,,,َ,,,جَلَخَي
"",اِجْلعََب,,,,,,181,2,جَلَدَبَ
"",,اِجْلنَْضََ,,,,,278,18,جَلَضَي
"",,اِجْلنَْطَى,,,,َ,,,جَلَطَي
"",,اِجْلنَْظَأَ,,,,جَلظََْأ,179,1,جَلَظَءَ
"",,اِجْلنَْظَى,,,,,212,20,جَلَظَي
"",اِجْلعََد,,,,,جَلعَدََ,516,7,جَلَعَدَ
"",,,,,,جَلفَْطََ,190,19,جَلَفَطَ
"",,,,,,جَلفَْظََ,211,20,جَلَفَظَ
ملحقَبالمزيدَبحرفين,اِفعَللَ,اِفعَنل ََلَ,ملحقَبالمزيدَبحرف,تفَعْللَََ,ملحقَبمجردَالرباعي,فعَْل ََلَ,م,ص,ج
"",,,,,,,,,
"",,اِجْلنَْفَ ََع,,,,,467,4,جَلَفَعَ
"",,,,,,,,,
"",,,,,,جَلفَْ ََن,467,4,جَلَفَنَ
"",,,,,,جَلمَ ََح,484,4,جَلَمَحَ
"",,,,,,جَلمَط,191,19,جَلَمَطَ
"",,,,,,جَلمَقََ,131,25,جَلَمَقَ
"",,,,,,جَله ََز,69,15,جَلَهَزَ
"",,,,,,جَله َقَ,131,25,جَلَهَقَ
"",,,,,جَلوَْزََ,َ,65,15,جَلَوَزَ
"",,,,,جَلوَْ َظَ,َ,499,4,جَلَوَظَ
"",,,,,,جََجَمَََ,425,31,جَمَجَمَ
"",,,,,,جََحَ ََل,244,28,جَمَحَلَ
"",,,,,,جََزَرََ,471,10,جَمَزَرَ
"",,,,,,جََعَرََ,472,10,جَمَعَرَ
"",,,,,,جََعَلََ,244,28,جَمَعَلَ
"",,,,تََمْه ََرَ,,جََهرَََ,473,10,جَمَهَرَ
"",,,,,جَنبَْدََ,َ,298,2,جَنَبَدَ
"",,,,,جَنبَْ ََذ,,390,9,جَنَبَذَ
"",,,تََنْجَ َقَ,,جَنجَْ َقَ,,134,25,جَنَبَقَ
"",,,,,جَندَرََ,,476,10,جَنَدَرَ
"",,,,,جَنفَْسََ,,517,15,جَنَفَسَ
"",,,,,,جََجََأ,182,1,جَهَجَءَ
"",,,,تََهجَْهََ,,جََجَهََ,371,36,جَهَجَهَ
"",,,,,,جََدَََم,434,31,جَهَدَمَ
"",,,,,,جََرَمََ,434,31,جَهَرَمَ
"",,,,تََهضَْ ََم,,جََضَ ََم,435,31,جَهَضَمَ
"",,,,,,جََل َقََ,134,25,جَهَلَقَ
"",,,,,,جََمَزََ,92,15,جَهَمَزَ
"",,,,,جَوْجَ ََل,َ,328,2,جَوَجَلَ
"",,,تََوْرَ َبَ,,جَوْرَبََ,َ,156,2,جَوَرَبَ
"",,,تََوْهَرََ,,جَوْهَرََ,َ,354,2,جَوَهَرَ
"",,,,,جَيْألَََ,َ,173,28,جَيَءَلَ
"",,,,,,حَأحَْأَ,186,1,حَءَحَءَ
"",,,,,,حَبْتَََ,17,5,حَبَتَرَ
ملحقَبالمزيدَبحرفين,اِفعَللَ,اِفعَنللَََ,ملحقَبالمزيدَبحرف,تفَعْللَََ,ملحقَبمجردَالرباعي,فعَْللَََ,م,ص,ج
"",,,,,,,,,
"",اِحْبَجَر,اِحْبَنْجَرََ,,تََبْجَرََ,,,520,10,حَبَجَرَ
"",,,,,,حَبْحَ ََبَ,38,3,حَبَحَبَ
"",,,,,,جَبَََْم,438,31,حَبَرَمَ
"",,اِحْبَنْطَأَ,,,,,186,1,حَبَطَءَ
"",,اِحْبَنْطَى,,,,,186,1,حَبَطَي
"",,,,تََبْكَ ََر,,حَبْكَ ََر,522,10,حَبَكَرَ
"",اِحْتأمَ,,,,,َ,441,31,حَتَءَمَ
"",,,,تََتْحَ َتَ,,حَتْحَتَََ,485,4,حَتَحَتَ
"",,,,تََتْ َشَ,,,132,17,حَتَرَشَ
"",,,,,,حَتْفَلََ,276,28,حَتَفَلَ
"",,,,,,حَثحَْ ََثَ,205,5,حَثَحَثَ
"",,,,,,حَثْبََ,238,2,حَثَرَبَ
"",,,,تََثْفََ,,حَثْفََ,118,23,حَثَرَفَ
"",,,,,,حَثْ َقَ,141,25,حَثَرَقَ
"",,,,,,حَثْمََ,443,31,حَثَرَمَ
"",,,,,,حَثفَْلََ,279,28,حَثَفَلَ
"",,,,تََجْحَجََ,,حَجْحَ ََج,466,5,حَجَحَجَ
"",,,,,,حَدْرَ ََج,472,5,حَدَرَجَ
"",,,,,,حَدْق ََلَ,290,28,حَدَقَلَ
"",,,,,,حَدْل َقََ,144,25,حَدَلَقَ
"",اِحْذَأَر,,,,,َ,568,10,حَذَءَرَ
"",,,,,,حَذْرَ َفَ,170,5,حَذَرَفَ
"",,,,,,حَذْف ََرَ,569,10,حَذَفَرَ
"",,,,تََذْل َقََ,,حَذْلقَََ,148,25,حَذَلَقَ
"",,,,تََذْلمَََ,,حَذْل ََمَ,451,31,حَذَلَمَ
"",,اِحْ نرَبََْأ,,,,حَرْبأََ,191,1,حَرَبَءَ
"",,,,,,حَرْب َصََ,510,17,حَرَبَصَ
"",,,,,,حَرْبظَ,215,20,حَرَبَظَ
"",,,,,,حَرْب َقََ,148,25,حَرَبَقَ
"",,اِحْرَنْْ ََج,,,,َ,,,حَرَجَجَ
"",,,,,,حَرْجَ ََل,292,28,حَرَجَلَ
"",,اِحْرَنْْمََ,,,,حَرْجَ ََم,474,31,حَرَجَمَ
"",,,,,,حَرْحَ ََرَ,,,حَرَحَرَ
ملحقَبالمزيدَبحرفين,اِفعَللَ,اِفعَنللَََ,ملحقَبالمزيدَبحرف,تفَعْل ََلَ,ملحقَبمجردَالرباعي,فعَْللَََ,م,ص,ج
"",,,,,,,,,
"",,,,,,حَرْدَ ََم,475,31,حَرَدَمَ
"",,,,,,,,,
"",,,,,,حَرْزَ َقَ,148,25,حَرَزَقَ
"",,,,,,حَرْزَََم,475,31,حَرَزَمَ
"",,اِحْ نرَشَْ ََم,,,,,476,31,حَرَشَمَ
"",,اِحْ نرَفَْزََ,,,,,103,15,حَرَفَزَ
"",,اِحْ نرَفَْ َشَ,,,,,142,17,حَرَفَشَ
"",,,,,,حَرْق َصََ,514,17,حَرَقَصَ
"",,,,,,حَرْق َفََ,138,23,حَرَقَفَ
"",,,,,,حَرْكَثََ,222,5,حَرَكَثَ
"",,,,تََرْكَشََ,,َ,,,حَرَكَشَ
"",,,,,,حَرْكَََ,293,28,حَرَكَلَ
"",,,,,,حَرْمَدََ,24,8,حَرَمَدَ
"",,اِحْرَم ََز,,تََرْمَ ََز,,حَرْمَزََ,104,15,حَرَمَزَ
"",اِحْزَأَل,,,,,,296,28,حَزَءَلَ
"",,,,تََزْحَ ََز,,حَزْحَ ََز,,,حَزَحَزَ
"",,,,,,حَزْرَفََ,,,حَزَرَفَ
"",,,,,,حَزْرَ َقَ,159,25,حَزَرَقَ
"",,,,,,حَزْفرَََ,11,11,حَزَفَرَ
"",,,,,,حَزْمَ ََر,11,11,حَزَمَرَ
"",,,,تََسْحَ َسَ,,حَسْحَسَََ,,,حَسَحَسَ
"",,,,,,حَسْكَكََ,,,حَسَكَكَ
"",,,,,,حَسْكَََ,301,28,حَسَكَلَ
"",اِحْشَأنَ,,,,,َ,,,حَشَءَنَ
"",,,,تََشْحَ َشَ,,حَشْحَشَََ,,,حَشَحَشَ
"",,,,,,حَشْْجََ,482,5,حَشَرَجَ
"",,,,تََصْحَ َصَ,,حَصْحَ َصََ,,,حَصَحَصَ
"",,,,,,حَ ََصْبََ,288,2,حَصَرَبَ
"",,,,تََصََْم,,حَصََْم,495,31,حَصَرَمَ
"",,,,,,حَضْجَ ََر,54,11,حَضَجَرَ
"",,,,,,حَضْْ َبَ,290,2,حَضَرَبَ
"",,,,,,حَضََْْم,496,31,حَضَرَمَ
"",,,,,,حَطْحَطَ,,,حَطَحَطَ
"",,,,,,حَطْمَ ََر,56,11,حَطَمَرَ
ملحقَبالمزيدَبحرفين,اِفعَللَ,اِفعَنللَََ,ملحقَبالمزيدَبحرف,تفَعْللَََ,ملحقَبمجردَالرباعي,فعَْللَََ,م,ص,ج
"",,,,,,,,,
"",اِحْظَأبََ,,,,,,,,حَظَءَبَ
"",,,,تََظْرَ َبَ,,حَظْرَ َبَ,296,2,حَظَرَبَ
"",,,,,,حَ َْظَل ََب,297,2,حَظَلَبَ
"",,,,تََفْحَفََ,,حَفْحَ َفََ,,,حَفَحَفَ
"",,,,,,حَفْضَجََ,486,5,حَفَضَجَ
"",,,,,,حَقْحَ َقََ,,,حَقَحَقَ
"",,,,,,حَقْطَ ََب,302,2,حَقَطَبَ
"",,,,,,حَلبسَََ,553,15,حَلَبَسَ
"",,,,تََلحَْلََ,,حَلحَْلَََ,,,حَلَحَلَ
"",,اِحْلنَْقَ َفَ,,,,,166,23,حَلَقَفَ
"",,اِحْلنَْقَمََ,,,,حَلقَْمََ,535,31,حَلَقَمَ
"",,,,,,حَلقَْ ََن,453,34,حَلَقَنَ
"",,اِحْلنَْكَكََ,,,,َ,,,حَلَكَكَ
"",,,,,,حَلكَََ,536,31,حَلَكَمَ
"",,,,,,حََجَمَََ,,,حَمَجَمَ
"",,,,تََمْحَ ََم,,حََحَ ََمَ,,,حَمَحَمَ
"",,,,,,حََدَ ََل,340,28,حَمَدَلَ
"",,,,,,حََطَ ََر,95,11,حَمَطَرَ
"",,,,,,حََظَ ََل,341,28,حَمَظَلَ
"",,,,تََمْقسَََ,,,561,15,حَمَقَسَ
"",,,,,,حََل ََجَ,491,5,حَمَلَجَ
"",,,,,,حََل َقََ,205,25,حَمَلَقَ
"",,,تََمْيَََ,,,َ,,,حَمَيَرََ
"",,,,,حَنبشَََ,,160,17,حَنَبَشَ
"",,,,,حَنبَْصََ,,535,17,حَنَبَصَ
"",,,تََنْبَلََ,,حَنبَْلََ,,358,28,حَنَبَلَ
"",,,,,حَنجَْرََ,,97,11,حَنَجَرَ
"",,,تََنْجَلََ,,,,360,28,حَنَجَلَ
"",,,,,حَنحَْنََ,,466,34,حَنَحَنَ
"",,,تََنْدَسََ,,,,561,15,حَنَدَسَ
"",,,,,حَندَلََ,,361,28,حَنَدَلَ
"",,,,,حَنذَى,,,,حَنَذَيَ
"",,,تََنْطَرََ,,,,98,11,حَنَطَرَ
ملحقَبالمزيدَبحرفين,اِفعَللَ,اِفعَنل ََلَ,ملحقَبالمزيدَبحرف,تفَعْل ََلَ,ملحقَبمجردَالرباعي,فعَْللَََ,م,ص,ج
"",,,,,,,,,
"",,,تََنْظَلََ,,حَنظَْلََ,,361,28,حَنَظَلَ
"",,,,,,,,,
"",,,تََنْظَى,,حَنظَْى,َ,,,حَنَظَيَ
"",,,,,حَنفَْسََ,,563,15,حَنَفَسَ
"",,,,,حَنفَْشََ,,163,17,حَنَفَشَ
"",,,,,حَنكَََ,,364,28,حَنَكَلَ
"",,,,,حَوْتكَََ,َ,,,حَوَتَكَ
"",,,,,حَوْجَ ََلَ,َ,,,حَوَجَلَ
"",,اِحْوَنصَْلََ,,,حَوْصَ ََل,َ,361,28,حَوَصَلَ
"",,,,,حَوْفزََََ,َ,,,حَوَفَزَ
"",,,,,حَوْفلََََ,َ,,,حَوَفَلَ
"",,,,,حَوْقلَََ,,364,28,حَوَقَلَ
"",,,,,حَوْل َقََ,,,,حَوَلَقَ
"",,,,,حَيْجَمََ,َ,,,حَيَجَمَ
"",,,تََيْمََ,,,َ,,,حَيَرَمَ
"",,,,,حَيْعَلََ,,384,28,حَيَعَلَ
"",اِخْبَأنَ,,,,,َ,,,خَبَءَنَ
"",,,,,,خَبْتَ ََل,392,28,خَبَتَلَ
"",,,,تََبْخَ ََب,,خَبْخَبَََ,,,خَبَخَبَ
"",,اِخْبَنْدَى,,,,,51,8,خَبَدَي
"",,,,,,خَبَََْعَ,477,20,خَبَرَعَ
"",,,,,,خَبَْقََ,212,25,خَبَرَقَ
"",اِحْبَعَث,,,,,,239,5,خَبَعَثَ
"",,,,,,خَبْعَجََ,502,5,خَبَعَجَ
"",,,,,,خَبْعَ ََل,,,خَبَعَلَ
"",,,,,,خَتْبََ,335,2,خَتَرَبَ
"",,,,,,خَتْ َفَ,179,23,خَتَرَفَ
"",,,,,,خَتََْم,48,32,خَتَرَمَ
"",,,,,,خَتْعَرََ,136,11,خَتَعَرَ
"",,,,,,خَتْعَ ََل,392,28,خَتَعَلَ
"",,,,,,خَتْلعَََ,482,20,خَتَلَعَ
"",,,,,,خَتْلَََ,49,32,خَتَلَمَ
"",,,,,,خَثعَْجََ,503,5,خَثَعَجَ
"",,,,تََثعَ ََم,,خَثعَْمََ,53,32,خَثَعَمَ
ملحقَبالمزيدَبحرفين,اِفعَللَ,اِفعَنللَََ,ملحقَبالمزيدَبحرف,تفَعْللَََ,ملحقَبمجردَالرباعي,فعَْل ََلَ,م,ص,ج
"",,,,,,,,,
"",,,,,,خَث َََلْ,54,32,خَثَلَمَ
"",,,,,,خَجْخَ ََجَ,,,خَجَخَجَ
"",,,,,,خَدْرََعَ,482,20,خَدَرَعَ
"",,,,,,خَدْفَ ََر,148,11,خَدَفَرَ
"",,,,,,خَدْفلَََ,399,28,خَدَفَلَ
"",,,,,,خَدْل ََبَ,,,خَدَلَبَ
"",,,,,,خَذْرَبََ,,,خَذَرَبَ
"",,,,,,خَذْرََعَ,482,20,خَذَرَعَ
"",,,,تََذْرَ َفَ,,خَذْرَفََ,181,23,خَذَرَفَ
"",,,,,,خَذََْرقََ,215,25,خَذَرَقَ
"",,,,,,خَذْعَ ََب,338,2,خَذَعَبَ
"",,,,,,خَذْعلَََ,401,28,خَذَعَلَ
"",,,,,,خَدْلَ ََب,339,2,خَذَلَبَ
"",,,,تََذْلجَََ,,خَدْل ََجَ,508,5,خَذَلَجَ
"",,,,,,خَذْلمَََ,65,32,خَذَلَمَ
"",,,,تََ برْ َشََ,,خَ برْشََ1َ,174,17,خَرَبَشَ
"",,,,,,خَرْبصَََ,543,17,خَرَبَصَ
"",,,,تََرْبطَ,,خَرْبطََ,,,خَرَبَطَ
"",,اِخْ نرَبَْقََ,,,,خَرْب َقََ,217,25,خَرَبَقَ
"",,,,,,خَرْثَََ,75,32,خَرَثَمَ
"",,,,تََرْخَ ََر,,خَرْخَ ََرَ,,,خَرَخَرَ
"",,,,تََرْدَ ََل,,خَرْدَ ََل,402,28,خَرَدَلَ
"",,,,,,خَرْذَ ََل,403,28,خَرَذَلَ
"",,,,تََرْسَ ََن,,خَرْسَ ََن,,,خَرَسَنَ
"",,,,,,خَرْشَبََ,350,2,خَرَشَبَ
"",,,,,,خَرْشَ َفَ,185,23,خَرَشَفَ
"",,اِخْ نرَشَْمََ,,,,خَرْ ََشَ,75,32,خَرَشَمَ
"",,,,تََرْطَشََ,,خَرْطَشَََ,,,خَرَطَشَ
"",,اِخْ نرَطَْ ََم,,,,خَرْطَمََ,76,32,خَرَطَمَ
"",,اِخْ نرَفَْجََ,,تََرْفجَََ,,خَرْفجَََ,523,5,خَرَفَجَ
"",,اِخْ نرَفَْ َشَ,,,,خَرْفشَََ,181,17,خَرَفَشَ
"",,اِخْ نرَفَْ َقَ,,,,خَرْف َقََ,219,25,خَرَفَقَ
ملحقَبالمزيدَبحرفين,اِفعَللَ,اِفعَنللَََ,ملحقَبالمزيدَبحرف,تفَعْللَََ,ملحقَبمجردَالرباعي,فعَْللَََ,م,ص,ج
"",,,,,,,,,
"",,,,تََرْفنَََ,,خَرْف ََنََ,,,خَرَفَنَ
"",,,,,,,,,
"",,,,,,خَرْقلََ,404,28,خَرَقَلَ
"",,,,,,خَرْمَ ََد,57,8,خَرَمَدَ
"",َ,اِخْ نرَمَْ َسَ,,,,خَرْمَسََ,12,16,خَرَمَسَ
"",,اِخْرَمسَََ,,,,,,,
"",,,,,,خَرْمَ َشَ1,181,17,خَرَمَشَ
"",,اِخْرَمصََ,,,,,550,17,خَرَمَصَ
"",,اِخْرَم َقَ,,,,,21,15,خَرَمَقَ
"",,,,تََرْمَلََ,,خَرْمَلََ,404,28,خَرَمَلَ
"",,,,,خَ نرْ َفََ,,197,23,خَرَنَفَ
"",,,,,خَ نرْقَََ,,234,25,خَرَنَقَ
"",,,,,خَرْوَدََ,َ,,,خَرَوَدَ
"",,,تََرْوَطََ,,خَرْوَ َطَ,َ,,,خَرَوَطَ
"",,,,تََزْبزَََ,,,140,15,خَزَبَزَ
"",,,,,,خَزْخَزَََ,,,خَزَخَزَ
"",,,,,,خَزْرَ َبَ,352,2,خَزَرَبَ
"",,,,,,خَزْرَجََ,524,5,خَزَرَجَ
"",,,,,,خَزْرَ َفَ,198,23,خَزَرَفَ
"",,,,,,خَزْعلَََ,406,28,خَزَعَلَ
"",,,,,,خَزْل ََبَ,253,2,خَزَلَبَ
"",,,,تََ لزْ ََجَ,,,525,5,خَزَلَجَ
"",,,,تََشْخَ َشَ,,خَشْخَ َشََ,,,خَشَخَشَ
"",,,,,,خَشْْبََ,362,2,خَشَرَبَ
"",,,,,,خَشْْمََ,97,32,خَشَرَمَ
"",,,,,,خَصْل َفََ,219,23,خَصَلَفَ
"",,,,تََضْخَ َضَ,,خَضْخَ َضََ,,,خَضَخَضَ
"",,,,,,خَ ََضْْ َبَ,369,2,خَضَرَبَ
"",,,,تََضْْعَََ,,خَضْْعَََ,510,20,خَضَرَعَ
"",,,,,,خَضْْ َفَ,222,23,خَضَرَفَ
"",,,,تََ ََضْْمََ,,خَضْْمََ,110,32,خَضَرَمَ
"",,,,تََضْعَبََ,,خَضْعَبََ,370,2,خَضَعَبَ
"",,,,تََضْل ََبَ,,خَضْل ََبَ,370,2,خَضَلَبَ
ملحقَبالمزيدَبحرفين,اِفعَللَ,اِفعَنللَََ,ملحقَبالمزيدَبحرف,تفَعْل ََلَ,ملحقَبمجردَالرباعي,فعَْل ََلَ,م,ص,ج
"",,,,,,,,,
"",,,,,,خَضْلفَََ,223,23,خَضَلَفَ
"",,,,تََطْخَط,,خَطْخَطَ,,,خَطَخَطَ
"",,,,تََطْرَ َبَ,,خَطْرَ َبَ,376,2,خَطَرَبَ
"",,,,تََطْرَفََ,,خَطْرَفََ,223,23,خَطَرَفَ
"",,,,,,خَظْرَفََ,224,23,خَظَرَفَ
"",,,,,,خَفْجَلََ,419,28,خَفَجَلَ
"",,,,,,خَفْخَ َفََ,,,خَفَخَفَ
"",,,,,,خَقْخَ َقََ,,,خَقَخَقَ
"",,,,,,خَلب َسََ,21,16,خَلَبَسَ
"",,,,تََلبَْ َصَ,,خَلبَْ َصَ,557,17,خَلَبَصَ
"",,,,تََلخَْ ََل,,خَلخَْ ََلَ,,,خَلَخَلَ
"",,,,تََلقَْنََ,,خَلقَْنَََ,,,خَلَقَنَ
"",,,,تََمْخَمََ,,خََخَ ََمَ,,,خَمَخَمَ
"",,,,,خَنبسَََ,,30,16,خَنَبَسَ
"",,,,,خَنبشَََ,,195,17,خَنَبَشَ
"",,,تََنْبَ َصَ,,خَنبَْصََ,,568,17,خَنَبَصَ
"",,,,,خَنجَْرََ,,224,11,خَنَجَرَ
"",,,,,جَنجَْ ََل,,441,28,خَنَجَلَ
"",,,,,خَنخَْ ََنَ,َ,,,خَنَخَنَ
"",,,,,خَندَسَََ,َ,,,خَنَدَسَ
"",,,,,خَندَفََ,,281,23,خَنَدَفَ
"",,,تََنْدَ َقَ,,خَندَقََ,,266,25,خَنَدَقَ
"",,,تََنْدَلََ,,خَندَلََ,,441,28,خَنَدَلَ
"",,,تََنْذَذََ,,,َ,,,خَنَذَذَ
"",,,تََنْذَى,,خَنذَى,َ,,,خَنَذَيَ
"",,,,,خَنْْجََ,,542,5,خَنَزَجَ
"",,,تََنََْْر,,خَنْْرََ,,226,11,خَنَزَرَ
"",,,,,خَنشَْ ََل,,442,28,خَنَشَلَ
"",,,,,خَنطَْ ََث,,244,5,خَنَطَثَ
"",,,,,خَنطَْ ََل,,442,28,خَنَطَلَ
"",,,تََنْظَى,,خَنظَْى,,,,خَنَظَيَ
"",,,,,خَنعَجََ,,543,5,خَنَعَجَ
"",,,,,خَنعَقََ,,267,25,خَنَعَقَ
ملحقَبالمزيدَبحرفين,اِفعَللَ,اِفعَنللَََ,ملحقَبالمزيدَبحرف,تفَعْل ََلَ,ملحقَبمجردَالرباعي,فعَْللَََ,م,ص,ج
"",,,,,,,,,
"",,,تََنْفَ ََر,,خَنفَْ ََر,,230,11,خَنَفَرَ
"",,,,,,,,,
"",,,,,خَنفَْ َسَ,,40,16,خَنَفَسَ
"",,,,,خَنكَرَََ,َ,,,خَنَكَرَ
"",,,تََوْزَقََ,,خَوْزَ َقََ,َ,,,خَوَزَقَ
"",,,,,خَوْعلََََ,َ,,,خَوَعَلَ
"",,,تََيْعَ ََل,,خَيْعَلَََ,َ,,,خَيَعَلَ
"",,,,تدََاْدَأََ,دَوْدَََأ1,دَأْدَََأ,218,1,دَءَدَءَ
"",,,,,,دَأْدَ ََد,,,دَءَدَدََ
"",,,,,,دَبدَْ َبََ,,,دَبَدَبَ
"",,,,,,دَبزَزَََ,,,دَبَزَزَ
"",,,,,,دَبكَََْ,470,28,دَبَكَلَ
"",,,,تدََجْدَجََ,,دَجْدَ ََج,,,دَجَدَجَ
"",,,,,دَحْبََ,َ,,,دَحَبَيَ
"",,,,تدََحْدَرََ,,دَحْدَ ََر,277,11,دَحَدَرَ
"",,,,تدََحْرَجََ,,دَحْرَ ََج,552,5,دَحَرَجَ
"",,,,,,دَحْرَ َشَ,201,17,دَحَرَشَ
"",,,,,,دَحْقَ ََب,401,2,دَحَقَبَ
"",,,,,,دَحْقَلََ,477,28,دَحَقَلَ
"",,,,,,دَحْلطَ,286,19,دَحَلَطَ
"",,,,,,دَحْل َقََ,278,25,دَحَلَقَ
"",,,,تدََحْلَََ,,دَحْ َََل,141,32,دَحَلَمَ
"",,,,,,دَحَْ ََر,277,11,دَحَمَرَ
"",,,,,,دَحَْ َسَ,58,16,دَحَمَسَ
"",,,,,,دَحَْ ََل,477,28,دَحَمَلَ
"",,,,تدََخْدَخََ,,دَخْدَ ََخ,,,دَخَدَخَ
"",,,,,,دَخْدَرََ,277,11,دَخَدَرَ
"",,,,,,دَخْرَصََ,576,17,دَخَرَصَ
"",,,,,,دَخَْرََ,278,11,دَخَمَرَ
"",,,,,,دَخَْ َسَ,61,16,دَخَمَسَ
"",,,,تدََرْبأََ,,دَرْبَأَ,226,1,دَرَبَءَ
"",,,,,,دَرْبجَََ,564,5,دَرَبَجَ
"",,,,,,دَرْبحَََ,362,6,دَرَبَحَ
ملحقَبالمزيدَبحرفين,اِفعَللَ,اِفعَنللَََ,ملحقَبالمزيدَبحرف,تفَعْل ََلَ,ملحقَبمجردَالرباعي,فعَْل ََلَ,م,ص,ج
"",,,,,,,,,
"",,,,,,دَرْبخَ1ََ,249,7,دَرَبَخَ
"",,,,تدََ برْسَََ,,دَرْب َسََ,62,16,دَرَبَسَ
"",,,,,,دَرْبصَََ,757,17,دَرَبَصَ
"",,,,,,دَرْبكَ2ََ,145,27,دَرَبَكَ
"",,,,,,دَرْب ََلَ,487,28,دَرَبَلَ
"",,,تدََرْبََ,,دَرْبََ,َ,,,دَرَبَيَ
"",,,,,,دَرْجَ ََب,406,2,دَرَجَبَ
"",,,,,,دَرْجَ ََل,487,28,دَرَجَلَ
"",,,,,,دَرْجَنََ,11,35,دَرَجَنَ
"",,,,,,دَرْحَبََ,406,2,دَرَحَبَ
"",,,,تدََرْدَ َبَ,,دَرْدَبََ,406,2,دَرَدَبَ
"",,,,,,دَرْدَ ََج,564,5,دَرَدَجَ
"",,,,تدََرْدَ ََر,,دَرْدَرَََ,,,دَرَدَرَ
"",,,,,,دَرْدَسَََ,,,دَرَدَسَ
"",,,,,,دَرْدَ َشَ,204,17,دَرَدَشَ
"",,,,,,دَرْدَ ََم,148,32,دَرَدَمَ
"",,,,,,دَرْشَ َقَ,283,25,دَرَشَقَ
"",اِدْرَعَب,,,,,,407,2,دَرَعَبَ
"",اِدْرَعَشَ,,,,,,203,17,دَرَعَشَ
"",اِدْرَعَفَ,,,,,,298,23,دَرَعَفَ
"",,,,,,دَرْ َََع,148,32,دَرَعَمَ
"",اِدْرَغ َش,,,,,,203,17,دَرَغَشَ
"",,,,تدََرْغلَََ,,دَرْغ ََلََ,,,دَرَغَلَ
"",,,,,,دَرْفسَََ,71,16,دَرَفَسَ
"",,اِدْ نرَفَْ َقَ,,,,دَرْفقَََ,279,25,دَرَفَقَ
"",,,,,,دَرْف ََلَ,,,دَرَفَلَ
"",,اِدْ نرَقَْ ََع,,,,دَرْقعَََ,545,20,دَرَقَعَ
"",,,,,,دَرْقلَََ,487,28,دَرَقَلَ
"",,,,,,دَرْ ََكَ,488,28,دَرَكَلَ
"",,اِدْرَمجََ,,,,دَرْمَجََ,565,5,دَرَمَجَ
"",,,,,,دَرْمَ َسَ,72,16,دَرَمَسَ
ملحقَبالمزيدَبحرفين,اِفعَللَ,اِفعَنل ََلَ,ملحقَبالمزيدَبحرف,تفَعْل ََلَ,ملحقَبمجردَالرباعي,فعَْللَََ,م,ص,ج
"",,,,,,,,,
"",,,,,,دَرْمَ َصَ,579,17,دَرَمَصَ
"",,,,,,,,,
"",,,,,,دَرْمَكََ,146,27,دَرَمَكَ
"",اِدْرَهََ,,,,,دَرْ َََه1,149,32,دَرَهَمَ
"",,,تدََرْوَشََ,,دَرْوَشََ,َ,,,دَرَوَشَ
"",,,,,,دَزْدَ َقََ,,,دَزَدَقَ
"",,,,تدََسْ ََتَ,,دَسْتَََ,292,11,دَسَتَرَ
"",,,,تدََسْدَسََ,,دَسْدَ َسََ,,,دَسَدَسَ
"",,,,تدََشْدَشََ,,دَشْدَشَََ,,,دَشَدَشَ
"",,,,,,دَصْدَ َصَ,,,دَصَدَصَ
"",,,,,,دَعبسَََ,78,16,دَعَبَسَ
"",,,,,,دَعْبَلََ,489,28,دَعَبَلَ
"",,,,تدََعثَََْ,,دَع ََثَْ,297,11,دَعَثَرَ
"",,,,تدََعدَْعََ,,دَعدَعَََ,,,دَعَدَعَ
"",,,,,,دَعْرَمََ,159,32,دَعَرَمَ
"",,,,,,دَعْسَجََ,568,5,دَعَسَجَ
"",,,,,,دَعْ ََسَ,298,11,دَعَسَرَ
"",,,,,,دَعْسَ َقَ,287,25,دَعَسَقَ
"",,,,,,دَعْفَ َقَ,288,25,دَعَفَقَ
"",,اِدْعَنْكَرََ,,,,,299,11,دَعَكَرَ
"",,,,تدََعْكسَََ,,دَعْكسَََ,79,16,دَعَكَسَ
"",,,,,,دَعْ ََكَ,489,28,دَعَكَلَ
"",,,,,,دَعلْجَََ,568,5,دَعَلَجَ
"",,,,,,دَعلْ َقََ,290,25,دَعَلَقَ
"",,,,,,دَعْْسََ,79,16,دَعَمَسَ
"",,,,تدََعْْشََ,,دَعْْشَََ,,,دَعَمَشَ
"",,,,,,دَعْْصََ,582,17,دَعَمَصَ
"",,,,,,دَعْْظ,226,20,دَعَمَظَ
"",,,,,,دَغْبَجََ,569,5,دَغَبَجَ
"",,,,تدََغدَْ َغ,,دَغدَ َغَ,,,دَغَدَغَ
"",,,,,,دَغْرَقََ,290,25,دَغَرَقَ
"",,,,,,دَغْشَشَََ,,,دَغَشَشَ
"",,,,,,دَغْفَ َصَ,584,17,دَغَفَصَ
ملحقَبالمزيدَبحرفين,اِفعَللَ,اِفعَنل ََلَ,ملحقَبالمزيدَبحرف,تفَعْل ََلَ,ملحقَبمجردَالرباعي,فعَْللَََ,م,ص,ج
"",,,,,,,,,
"",,,,,,دَغْفَقََ,291,25,دَغَفَقَ
"",,,,,,دَغْْ ََر,302,11,دَغَمَرَ
"",,,,,,دَغْْ َسَ,79,16,دَغَمَسَ
"",,,,,,دَغْْ َشَ,205,17,دَغَمَشَ
"",,,,,,دَغْْ َصَ,584,17,دَغَمَصَ
"",,,تدََغوَْ َشَ,,دَغْوَ َشَ,,,,دَغَوَشَ
"",,,,,,دَفدَ َفَ,,,دَفَدَفَ
"",,,,,,دَفطَْ َسَ,79,16,دَفَطَسَ
"",,,,,,دَقْدَسََ,81,16,دَقَدَسَ
"",,,,تدََقْدَ َقَ,,دَقْدَقَََ,,,دَقَدَقَ
"",,,,,,دَقْشَ َشََ,,,دَقَشَشَ
"",,,,,,دَقْطَ َسَ,80,16,دَقَطَسَ
"",,,,,دَقْوَ ََر,َ,,,دَقَوَرَ
"",,,,تدََكْدَكََ,,دَكْدَ ََكَ,,,دَكَدَكَ
"",اِدْلَم,,,,,,,,دَلَءَمَ
"",,,,,,دَلبَْحََ,364,6,دَلَبَحَ
"",,,,تدََلْدقََ,,َ,,,دَلَدَقَ
"",,,,تدََلْدلََ,,دَلْدلََ,,,دَلَدَلَ
"",,اِدْلنَْظَى,تدََلظَْى,,,َ,,,دَلَظَيَ
"",اِدْلعََ َف,,,,,,306,23,دَلَعَفَ
"",,,,تدََلمَْزََ,,دَلمَْزََ,146,15,دَلَمَزَ
"",,اِدْلمَ َسَ,,,,,87,16,دَلَمَسَ
"",,,,تدََلمَْ َصَ,,دَلمَْ َصَ,588,17,دَلَمَصَ
"",,,,,,دَلهْثَََ,251,5,دَلَهَثَ
"",اِدْلهَمَ,,,,,,171,32,دَلَهَمَ
"",اِدْلهَنَ,,,,,,23,35,دَلَهَنَ
"",,,,,,دَمْ ََثَ,313,11,دَمَثَرَ
"",,,,,,دَمْحَقََ,304,25,دَمَحَقَ
"",,,,,,دَمْحَ ََل,504,28,دَمَحَلَ
"",,,,,,دَمْخَ َقَ,304,25,دَمَخَقَ
"",,,,تدََمْدَمََ,,دَمْدَ ََمَ,,,دَمَدَمَ
"",,,,تدََمْشَقََ,,دَمْشَقََ,305,25,دَمَشَقَ
"",,,,,,دَمْل ََجَ,579,5,دَمَلَجَ
ملحقَبالمزيدَبحرفين,اِفعَللَ,اِفعَنل ََلَ,ملحقَبالمزيدَبحرف,تفَعْللَََ,ملحقَبمجردَالرباعي,فعَْل ََلَ,م,ص,ج
"",,,,,,,,,
"",,,,,,دَمْلحَََ,364,6,دَمَلَحَ
"",,,,,,,,,
"",,,,,,دَمْلقَََ,308,25,دَمَلَقَ
"",,,,تدََمْلَََ,,دَمْلَََ,162,27,دَمَلَكَ
"",,,,,,دَنْْ ََب,411,2,دَنَحَبَ
"",,,,,دَندَْقََ,,309,25,دَنَدَقَ
"",,,تدََندَْلََ,,,َ,,,دَنَدَلَ
"",,,,,دَندَْنَََ,َ,,,دَنَدَنَ
"",,,,,دَنفَْشََ,,207,17,دَنَفَشَ
"",,,,,دَنفَْ ََع,,,,دَنَفَعَ
"",,,,,دَنقَْرََ,,317,11,دَنَقَرَ
"",,,,,دَنقَْ َسَ,,93,16,دَنَقَسَ
"",,,,,دَنقَْ َشَ,,208,17,دَنَقَشَ
"",,,,,دَنقَْ ََع,,705,20,دَنَقَعَ
"",,,,,دَنكَزَََ,َ,,,دَنَكَزَ
"",,,,,دَنكَ َسَ,,93,16,دَنَكَسَ
"",,,,,,دَهْبَلََ,515,28,دَهَبَلَ
"",,,,,,دَهْثَََ,199,32,دَهَثَمَ
"",,,,,,دَهْدَأََ,231,1,دَهَدَءَ
"",,,,,,دَهْدََرََ,533,11,دَهَدَرَ
"",,,,,,دَهْدَعََ,,,دَهَدَعَ
"",,,,,,دَهْدَقََ,313,25,دَهَدَقَ
"",,,,تدََهْدَمََ,,دَهْدَمََ,200,32,دَهَدَمَ
"",,,,تدََهْدَهََ,,دَهْدَهََ,379,36,دَهَدَهَ
"",,,تدََهْدَى,,,دَهْدَى,379,36,دَهَدَيَ
"",,,,,,دَهْرَ ََج,581,5,دَهَرَجَ
"",,,,,,دَهْسَ ََم,200,32,دَهَسَمَ
"",,,,,,دَهْ ََشَْ,354,11,دَهَشَرَ
"",,,,,,دَهْفَشََ,209,17,دَهَفَشَ
"",,,,,,دَهْقَشََ,209,17,دَهَقَشَ
"",,,,,,دَهْقَلََ,515,28,دَهَقَلَ
"",,,,,,دَهْقَ ََم,200,32,دَهَقَمَ
"",,,,تدََهْقَ ََن,,دَهْقَنََ,48,35,دَهَقَنَ
"",,,,تدََهْكَرََ,,,355,11,دَهَكَرَ
ملحقَبالمزيدَبحرفين,اِفعَللَ,اِفعَنللَََ,ملحقَبالمزيدَبحرف,تفَعْللَََ,ملحقَبمجردَالرباعي,فعَْل ََلَ,م,ص,ج
"",,,,,,,,,
"",,,,,,دَهْ ََكَ,515,28,دَهَكَلَ
"",,,,تدََهْ َكَ,,,200,32,دَهَكَمَ
"",,,,,,دَهْلقَََ,316,25,دَهَلَقَ
"",,,,,,دَهْْ ََجَ,581,5,دَهَمَجَ
"",,,,,,دَهْْرََ,355,11,دَهَمَرَ
"",,,,,,دَهْْسَََ,99,16,دَهَمَسَ
"",,,,,,دَهْْصََ,591,17,دَهَمَصَ
"",,,,,,دَهْْقََ,316,25,دَهَمَقَ
"",,,,,دَهْن ََجَ,,581,5,دَهَنَجَ
"",,,تدََهْوَرََ,,دَهْوَ ََر,َ,,,دَهَوَرَ
"",,,تدََهْوَ ََك,,,َ,,,دَهَوَكَ
"",,,تدََهْوَنََ,,,َ,,,دَهَوَنَ
"",,,,,دَوْقلََََ,َ,,,دَوَقَلَ
"",,,,,دَوْلبَََ,َ,,,دَوَلَبَ
"",,,,,دَوْمَ ََل,َ,,,دَوَمَلَ
"",,,,,دَيدَْبََ,َ,,,دَيَدَبَ
"",,,,,دَيسَْ َقَ,َ,,,دَيَسَقَ
"",,,,,دَيكَسَََ,َ,,,دَيَكَسَ
"",,,تدََيلْحَََ,,,َ,,,دَيَلَحَ
"",,,,تذََأْذَأََ,,ذَأْذَأََ,232,1,ذَءَذَءَ
"",,,,تذََأْن ََنَ,,ذَأْننَََ,,,ذَءَنَنَ
"",,,,تذََبذَْ َبَ,,ذَبذَْبََ,,,ذَبَذَبَ
"",,,,,,ذَحْذَ ََح,,,ذَحَذَحَ
"",,,,,,ذَحْلطَََ,292,19,ذَحَلَطَ
"",,,,تذََحْلَََ,,ذَحْلَََ,202,32,ذَحَلَمَ
"",,,,,,ذَحَْلََ,11,29,ذَحَمَلَ
"",,,,,,ذَرْذَ ََر,,,ذَرَذَرَ
"",,,,,,ذَرْطَأَ,,,ذَرَطَءََ
"",اِذْرَعَفَ,,,,,,313,23,ذَرَعَفَ
"",,اِذْ نرَفَْ َقَ,,,,,319,25,ذَرَفَقَ
"",,,,,,ذَرْقطَ,293,19,ذَرَقَطَ
"",,,,,,ذَرْمَلََ,11,29,ذَرَمَلَ
"",,,,تذََعذَْ ََع,,ذَعذَعََ,19,21,ذَعَذَعَ
ملحقَبالمزيدَبحرفين,اِفعَللَ,اِفعَنللَََ,ملحقَبالمزيدَبحرف,تفَعْل ََلَ,ملحقَبمجردَالرباعي,فعَْل ََلَ,م,ص,ج
"",,,,,,,,,
"",اِذْلعََب,,,تذََعلْ ََبَ,,,434,2,ذَعَلَبَ
"",,,,,,,,,
"",,,,,,ذَعلْ َفََ,316,23,ذَعَلَفَ
"",,,,,,ذَعلْ َقََ,320,25,ذَعَلَقَ
"",,,,,,ذَعْْط,294,19,ذَعَمَطَ
"",,,,,,ذَفذَفََ,,,ذَفَذَفَ
"",,,,,,ذَفطَْسََ,101,16,ذَفَطَسََ
"",,,,تذََلْْلََ,,,,,ذَلَذَلَ
"",اِذْلعََب,,,,,,435,2,ذَلَعَبَ
"",اِذْلغََفَ,,,,,,321,23,ذَلَغَفَ
"",,,,,,ذَمْحَلََ,17,29,ذَمَحَلَ
"",,,,,,ذَمْذَََم,,,ذَمَذَمَ
"",اِذْمَقَر,,,,,,392,11,ذَمَقَرَ
"",,,,تذََهْل ََلَ,,َ,,,ذَهَلَلَ
"",,,,,ذَوْب ََلَ,َ,,,ذَوَبَلَ
"",,,,ترََأْبلَََ,,رَأْب ََلَ,26,29,رَءَبَلَ
"",,,,,,رَأْرَأََ,236,1,رَاَرَءَ
"",اِرْبأَثَ,,,,,َ,,,رَبَءَثَ
"",اِزْبأَرَ,,,,,َ,,,رَبَءَزَ
"",,,,,,رَبرَبَََ,,,رَبَرَبَ
"",,,ترََب ََيَْن,,رَبيَْنََ,َ,,,رَبَيَنَ
"",,,,,,رَترَتَََ,,,رَتَرَتَ
"",اِرْثعََن,,,,,,76,35,رَثَعَنَ
"",اِرْجَحَن,,,,,,80,35,رَجَحَنَ
"",,,,ترََجْرَجََ,,رَجْرَجَََ,,,رَجَرَجَ
"",اِرْجَعَن,,,,,,81,35,رَجَعَنَ
"",,,,ترََحْرَحََ,,رَحْرَ ََحَ,,,رَحَرَحَ
"",,,,ترََخْرَ ََخ,,َ,,,رَخَرَخَ
"",اِرْدَعَ َف,,,,,,337,23,رَدَعَفَ
"",اِرْذَعَفَ,,,,,,337,23,رَذَعَفَ
"",اِرْزَأَم,,,,,َ,,,رَزَءَمَ
"",,,,,,رَزْرَََزَ,,,رَزَرَزَ
"",,,,,,رَسْر َسََ,,,رَسَرَسَ
"",,,,ترََشْْشََ,,رَشْْشَََ,,,رَشَرَشَ
ملحقَبالمزيدَبحرفين,اِفعَللَ,اِفعَنللَََ,ملحقَبالمزيدَبحرف,تفَعْللَََ,ملحقَبمجردَالرباعي,فعَْل ََلَ,م,ص,ج
"",,,,,,,,,
"",,,,,,رَصْْصَََ,,,رَصَرَصَ
"",,,,ترََضْْ َضَ,,رَضْْ َضََ,,,رَضَرَضَ
"",,,,,,رَطْرَ َطََ,,,رَطَرَطَ
"",,,,ترََعْبَ ََل,,رَعْبَ ََل,86,29,رَعَبَلَ
"",,,,ترََعدَََد,,رَعدَدَََ,,,رَعَدَدَ
"",,,,ترََعْرَعََ,,رَعْرَعََ,102,21,رَعَرَعَ
"",اِرْفأَنَ,,,,,َ,,,رَفَءَنَ
"",,,,ترََفرَ َفَ,,رَفرَ َفََ,,,رَفَرَفَ
"",,,,ترََقْرَقََ,,رَقْرَقَََ,,,رَقَرَقَ
"",,,,ترََكْرَكََ,,رَكْرَكَََ,,,رَكَرَكَ
"",اِرْمَأز,,,,,َ,,,رَمَءَزَ
"",,,,ترََمْرَمََ,,رَمْرَمَََ,,,رَمَرَمَ
"",اِرْمَعَل,,,,,,106,29,رَمَعَلَ
"",اِرْمَعَن,,,,,,116,35,رَمَعَنَ
"",اِرْمَغَل,,,,,,107,29,رَمَغَلَ
"",اِرْمَهز,,,,,,165,15,رَمَهَزَ
"",,,,ترََهْبَلََ,,رَهْبَلََ,109,29,رَهَبَلَ
"",,,,ترََهْ ََبَ,,َ,,,رَهَبَنَ
"",,,,ترََهْدَلََ,,,109,29,رَهَدَلَ
"",,,,ترََهْدَ ََن,,رَهْدَ ََن,129,35,رَهَدَنَ
"",,,,ترََهْرَََه,,رَهْرَََه,387,36,رَهَرَهَ
"",,,,,,رَهْسَمََ,298,32,رَهَسَمَ
"",,,,,,رَهْْ َسََ,137,16,رَهَمَسَ
"",,,,ترََهْيَأَ,,رَهْيََأ,253,1,رَهَيَءَ
"",,,,,رَوْبصَََ,َ,,,رَوَبَصَ
"",,,ترََوْحَ ََن,,رَوْحَ ََن,َ,,,رَوَحَنَ
"",,,,,رَوْدَ ََك,َ,,,رَوَدَكَ
"",,,,,رَوْدَ ََن,َ,,,رَوَدَنَ
"",,,,,رَوْذَ ََن,َ,,,رَوَذَنَ
"",,,ترََينْقََ,,رَينْقََ,َ,,,رَيَنَقَ
"",,,,,,زَأْب ََرَ,397,11,زَءَبَرَ
"",,,,,,زَأْبَ َقَ,388,25,زَءَبَقَ
"",,,,تزََأْزَََأ,,زَأْزَأََ,257,1,زَءَزَءَ
ملحقَبالمزيدَبحرفين,اِفعَللَ,اِفعَنل ََلَ,ملحقَبالمزيدَبحرف,تفَعْل ََلَ,ملحقَبمجردَالرباعي,فعَْل ََلَ,م,ص,ج
"",,,,,,,,,
"",,,,تزََب ََتَْ,,,408,11,زَبَتَرَ
"",,,,,,,,,
"",,,,,,بزَرَجََ,5,6,زَبَرَجَ
"",,,,,,زَبرَ َقَ,388,25,زَبَرَقَ
"",,,,,,بزَزَ َبََ,,,زَبَزَبَ
"",,,,تزََبعَْ ََر,,,409,11,زَبَعَرَ
"",اِزْبغََل,,,,,,114,29,زَبَغَلَ
"",,,,تزََحْزَحََ,,زَحْزَحَََ,,,زَحَزَحَ
"",,,,تزََحْلطَ,,,321,19,زَحَلَطَ
"",اِزْحَلفََ,,,تزََحْلفَََ,,زَحْل َفََ,377,23,زَحَلَفَ
"",,,,تزََحْل َقََ,,زَحْلقَََ,392,25,زَحَلَقَ
"",,,,,,زَحَْرََ,415,11,زَحَمَرَ
"",,,,تزََخْرَفََ,,زَخْرَ َفَ,378,23,زَخَرَفَ
"",,,,,,زَخْزَ ََخَ,,,زَخَزَخَ
"",,,تزََخْوَرََ,,,َ,,,زَخَوَرََ
"",اِزْرَأَم,,,,,َ,,,زَرَءَمَ
"",,,,,,زَرْبقَََ,402,25,زَرَبَقَ
"",,,,,,زَرْدَ َبَ,14,3,زَرَدَبَ
"",,,,,,زَرْدَ ََم,311,32,زَرَدَمَ
"",,,,تزََرْزَرََ,,زَرْزَََرَ,,,زَرَزَرَ
"",,,,,,زَرْزَ َقََ,,,زَرَزَقَ
"",,,,,,زَرْف َقََ,402,25,زَرَفَقَ
"",,,,,,زَرْف ََنَ,145,35,زَرَفَنَ
"",,,,,,زَرْقعََََ,,,زَرَقَعَ
"",,اِزْرَنقَْفََ,,,,زَرْق َفََ,386,23,زَرَقَفَ
"",,,,,,زَرْق ََلَ,120,29,زَرَقَلَ
"",,,,,,زَرْكَ َشَ1,235,17,زَرَكَشَ
"",,,,,,زَرْكَ ََن,145,35,زَرَكَنَ
"",,,تزََرْن َفََ,,زَرْنفَََ,َ,,,زَرَنَفَ
"",,,تزََرْنقَََ,,زَرْن َقََ,,402,25,زَرَنَقَ
"",,,,,زَرْوَ َطَ,َ,,,زَرَوَطَ
"",,,,,زَرْي ََبَ,َ,,,زَرَيَبَ
"",,,,,زَرْيطَ,َ,,,زَرَيَطَ
ملحقَبالمزيدَبحرفين,اِفعَللَ,اِفعَنل ََلَ,ملحقَبالمزيدَبحرف,تفَعْللَََ,ملحقَبمجردَالرباعي,فعَْللَََ,م,ص,ج
"",,,,,,,,,
"",,,,,,,13,6,زَعَبَجَ
"",,,,,,زَع ََبََْ,428,11,زَعَبَرَ
"",,,,,,زَعْبَطَ,,,زَعَبَطَ
"",,,,تزََعْبَ َقَ,,زَعْبَقََ,405,25,زَعَبَقَ
"",,,,تزََعْبَ ََل,,زَعْبَ ََل,123,29,زَعَبَلَ
"",,,,,,زَعْرَ َطََ,,,زَعَرَطَ
"",,,,تزََعْزَعََ,,زَعْزَعََ,150,21,زَعَزَعَ
"",,,,,,زَعْطَط,,,زَعَطَطَ
"",,,,تزََعْفَ ََر,,زَعْفَ ََر,428,11,زَعَفَرَ
"",,,,,زَعْنفَََ,,387,23,زَعَنَفَ
"",,,,,,زَغدَبََ,21,3,زَغَدَبَ
"",,,,,,زَغْرَتَََ,,,زَغَرَتَ
"",,,,تزََغْزَغَ,,زَغْزََغَ,,,زَغَزَغَ
"",,,,تزََغْزَ ََل,,زَغْزَ ََلَ,,,زَغَزَلَ
"",,,,,,زَغْفَلََ,127,29,زَغَفَلَ
"",,,,,,زَغلْطََ,,,زَغَلَطَ
"",,,,,,زَغلْلََََ,,,زَغَلَلَ
"",,,,تزََفزَفََ,,زَفزَفَََ,,,زَفَزَفَ
"",,,,,,زَقْزَقَََ,,,زَقَزَقَ
"",,,,تزََكْزَ ََك,,زَكْزَ ََكَ,,,زَكَزَكَ
"",اِزْلَم,,,,,َ,,,زَلَءَمَ
"",,,,تزََلحَْ ََب,,,25,3,زَلَحَبَ
"",اِ لزْحََ َف,,,تزََلحَْ َفَ,,لزَحَْفََ,397,23,زَلَحَفَ
"",,,,,,زَلْد َبَ,25,3,زَلَدَبَ
"",,,,ت لزََزَْ ََل,,زَلزَْلَََ,,,زَلَزَلَ
"",اِ لزْعََب,,,,,,25,3,زَلَعَبَ
"",,,,,,لزَعَْمَََ,,,زَلَعَمَ
"",اِ لزْغََب,,,,,,26,3,زَلَغَبَ
"",,,,,,زَلغَْطَ,,,زَلَغَطَ
"",,,,,,زَلقَْ ََم,322,32,زَلَقَمَ
"",اِزْمَأ َتََ,,,,,َ,,,زَمَءَتَ
"",اِزْمَأجَ,,,,,َ,,,زَمَءَجَ
"",اِزْمَأر,,,,,َ,,,زَمَءَرَ
ملحقَبالمزيدَبحرفين,اِفعَللَ,اِفعَنللَََ,ملحقَبالمزيدَبحرف,تفَعْللَََ,ملحقَبمجردَالرباعي,فعَْللَََ,م,ص,ج
"",,,,,,,,,
"",اِزْمَجَر,,,تزََمْجَ ََر,,زَمْجَ ََر,446,11,زَمَجَرَ
"",,,,,,,,,
"",اِزْمَخَر,,,تزََمْخَرََ,,زَمْخَرََ,447,11,زَمَخَرَ
"",,,,,,زَمْزَََر,451,11,زَمَزَرَ
"",,,,تزََمْزَمََ,,زَمْزَمَََ,,,زَمَزَمَ
"",,,,,,زَمْلطََََ,,,زَمَلَطَ
"",,,,,,زَمْلقََ,416,25,زَمَلَقَ
"",اِزْمَهر,,,,,زَمْهرََ,451,11,زَمَهَرَ
"",اِزْمَهل,,,تزََمْه ََلَ,,,142,29,زَمَهَلَ
"",,,ت نزََبََََْ,,نزَ ََبََْ,,453,11,زَنَبَرَ
"",,,,,نزَبَْ ََط,َ,,,زَنَبَطَ
"",,,,,نزَبَْ ََع,َ,,,زَنَبَعَ
"",,,,ت نزََتَََْ,,,455,11,زَنَتَرَ
"",,,تزََنْْ ََر,,زَنْْ ََر,,457,11,زَنَجَرَ
"",,,,,زَنْْ ََر,,458,11,زَنَخَرَ
"",,,,ت نزََدَْقََ,,,418,25,زَنَدَقَ
"",,,ت نزََطَْ ََر,,نزَطَْ ََر,َ,,,زَنَطَرَ
"",,,,,نزَفَْلََ,,144,29,زَنَفَلَ
"",,,,,نزَقَْ ََر,,458,11,زَنَقَرَ
"",,,,,نزَقَْلََ,,145,29,زَنَقَلَ
"",,,,,زَنْْ ََر,,458,11,زَنَهَرَ
"",,,ت نرََيَْقََ,,نرَيَْقََ,َ,,,زَنَيَقَ
"",,,,,,زَهْرَفََ,406,23,زَهَرَفَ
"",,,,,,زَهْزَ َقَ,422,25,زَهَزَقَ
"",,,,تزََهْل ََجَ,,زَهْلجَََ,25,6,زَهَلَجَ
"",,,,تزََهْل َقََ,,زَهْل َقََ,427,25,زَهَلَقَ
"",,,,,,زَهْْجََ,25,6,زَهَمَجَ
"",,,,,,زَهْْ ََل,153,29,زَهَمَلَ
"",,,,تزََهْنعَََ,,زَهْنََع,164,21,زَهَنَعَ
"",,,,,زَوْب ََرَ,َ,,,زَوَبَرَ
"",,,,,زَوْب ََنَ,َ,,,زَوَبَنَ
"",,,تزََوْرَقََ,,زَوْرَقََ,َ,,,زَوَرَقَ
"",,,,,زَوْزَكََ,,184,27,زَوَزَكَ
"",,,,,زَوْزَلََ,َ,,,زَوَزَلَ
ملحقَبالمزيدَبحرفين,اِفعَللَ,اِفعَنل ََلَ,ملحقَبالمزيدَبحرف,تفَعْل ََلَ,ملحقَبمجردَالرباعي,فعَْللَََ,م,ص,ج
"",,,,,,,,,
"",,,,,زَوْزَى,َ,,,زَوَزَيَ
"",,,,,زَوْغلَََ,َ,,,زَوَغَلَ
"",,,,,زَوْقلَ1ََ,َ,,,زَوَقَلَ
"",,,,تسََأسَْأَ,,سَأسَْأَ,261,1,سَءَسَءَ
"",,,,,,س بْحَلََ,172,29,سَبَحَلَ
"",,,,,,سَبَْتََ,544,4,سَبَرَتَ
"",,,,,,سَبَْجََ,27,6,سَبَرَجَ
"",,,,,,سَبَََْد,171,8,سَبَرَدَ
"",,,,تسََبسَْ ََب,,سَبسَبََ,40,3,سَبَسَبَ
"",اِس بَطَر,,,,,,531,11,سَبَطَرَ
"",اِس بَغَل,,,,,س بْغَ ََل,173,29,سَبَغَلَ
"",اِس بَكَر,,,,,,497,11,سَبَكَرَ
"",اِسْْهرَ,,,,,,509,11,سَجَهَرَ
"",,,,,,سََبَلََ,190,29,سَحَبَلَ
"",,,,,,سََ ََتَ,173,35,سَحَتَنَ
"",,,,,,سََجَلََ,192,29,سَحَجَلَ
"",,,,تسََحْسَ ََح,,َ,,,سَحَسَحَ
"",,اِسَْنْطَرََ,,,,,520,11,سَحَطَرَ
"",,اِسَْنْفَ ََر,,,,,521,11,سَحَفَرَ
"",,اِسَْنْكَ ََك,,,,َ,,,سَحَكَكَ
"",,,,,,سََسَ ََخَ,,,سَخَسَخَ
"",,,,,,سََمَطَ,,,سَخَمَطَ
"",,,,,,سَربَخََ,270,7,سَرَبَخَ
"",,,,,,سَربطَ,341,19,سَرَبَطَ
"",,,,تسََب ََلَ,,سَربلَََ,196,29,سَرَبَلَ
"",,,,تسََب ََنَ,,,181,35,سَرَبَنَ
"",,,,,,سَرجَ ََن,182,35,سَرَجَنَ
"",,,,,,سَردَ ََج,38,6,سَرَدَجَ
"",,,,,,سَردَ ََح,471,6,سَرَدَحَ
"",,,,تسََدَ َقَ,,,441,25,سَرَدَقَ
"",,,,,,سَردَنَََ,,,سَرَدَنَ
"",,اِ نسْردَْى,,,,,191,8,سَرَدَي
ملحقَبالمزيدَبحرفين,اِفعَللَ,اِفعَنللَََ,ملحقَبالمزيدَبحرف,تفَعْللَََ,ملحقَبمجردَالرباعي,فعَْللَََ,م,ص,ج
"",,,,,,,,,
"",,,,تسََ ََسَر,,سَر ََسَرَ,,,سَرَسَرَ
"",,,,,,,,,
"",,,,,,سَرطَََع,183,21,سَرَطَعَ
"",,,,,,سَرطََلََ,196,29,سَرَطَلَ
"",,,,,,سَرطََمََ,363,32,سَرَطَمَ
"",,,,تسََطَنََ,,َ,,,سَرَطَنَ
"",,,,تسََعَ َفَ,,سَرعَفََ,434,23,سَرَعَفَ
"",,,,,,سَرق ََنَ,445,25,سَرَقَنَ
"",,,,,,سَركََََ,,,سَرَكَلَ
"",,,,,,سَرمَ ََد,190,8,سَرَمَدَ
"",,,,تسََمَط,,,347,19,سَرَمَطَ
"",,,,,,سَر َََه,39,6,سَرَهَجَ
"",,,,,,سَرهَ ََد,191,8,سَرَهَدَ
"",,,,,,سَرهَفََ,435,23,سَرَهَفَ
"",,,تسََوَكََ,,سَروَ ََك,َ,,,سَرَوَكَ
"",,,تسََوَ ََل,,سَروَ ََل,,197,29,سَرَوَلَ
"",,,,تسََعْببَََ,,َ,,,سَعَبَبََ
"",,,,تسََعْرَنََ,,سَعْرَ ََنَ,,,سَعَرَنَ
"",,,,تسََعْسَََع,,سَعْسَعَََ,,,سَعَسَعَ
"",,,,تسََغْبلَََ,,سَغْبَ ََل,202,29,سَغَبَلَ
"",,,,تسََغْسَََغ,,سَغْسَغَََ,,,سَغَسَغَ
"",,,,,,سَفْتجََ,39,6,سَفَتَجَ
"",,,,تسََفْسَفََ,,سَفْسَ َفََ,,,سَفَسَفَ
"",,,,,,سَفْسَ َقَ,451,25,سَفَسَقَ
"",,,,,سَفْنجَََ,,40,6,سَفَنَجَ
"",,,,,,سَقْسَ َقََ,,,سَقَسَقَ
"",,,,تسََقْلبَََ,,سَقْل ََبَ,64,3,سَقَلَبَ
"",,,,,,سَكْبَ ََج,41,6,سَكَبَجَ
"",,,,تسََكْسَكََ,,َ,,,سَكَسَكَ
"",,,,تسََلبَْط,,َ,,,سَلَبَطَ
"",اِسْلحََب,,,,,,73,3,سَلَحَبَ
"",,,,تسََلسَْ ََل,,سَلسَلََ,217,29,سَلَسَلَ
"",,اِسْلنَْطَََأ,,,,,270,1,سَلَطَءَ
"",,اِسْلنَْطَحََ,,,,,483,6,سَلَطَحَ
ملحقَبالمزيدَبحرفين,اِفعَللَ,اِفعَنللَََ,ملحقَبالمزيدَبحرف,تفَعْللَََ,ملحقَبمجردَالرباعي,فعَْل ََلَ,م,ص,ج
"",,,,,,,,,
"",,اِسْلنَْطَََع,,,,,210,21,سَلَطَعَ
"",,,,تسََلطَْنََ,,َ,,,سَلَطَنَ
"",,,,,,سَلعَ َفَ,465,23,سَلَعَفَ
"",,,,,,سَلعَنََ,215,35,سَلَعَنَ
"",اِسْلغََب,,,,,,74,3,سَلَغَبَ
"",,,,,,سَلغَزََ,173,15,سَلَغَزَ
"",,,,,,سَلغَ َفَ,466,23,سَلَغَفَ
"",,,,,,سَلفَْ ََع,219,21,سَلَفَعَ
"",,,,,,سَلقَْدََ,210,8,سَلَقَدَ
"",,اِسْلنَْقَعََ,,,,سَلقَْ ََع,220,21,سَلَقَعَ
"",,اِسْلنَْقَى,تسََلقَْى,,سَلقَْى,َ,,,سَلَقَيَ
"",اِسْلهَب,,,,,,74,3,سَلَهَبَ
"",اِسْلهَم,,,,,,412,32,سَلَهَمَ
"",اِسَْألَ,,,,,سََأ ََلَ,226,29,سَمَءَلَ
"",اِسَْدَر,,,,,,85,12,سَمَدَرَ
"",,,,,,سََرَ ََج,45,6,سَمَرَجَ
"",,,,تسََمْسَََ,,سََسَ1ََ,86,12,سَمَسَرَ
"",,,,,,سََسَ ََمَ,,,سَمَسَمَ
"",اِسَْعَد,,,,,,252,8,سَمَعَدَ
"",اِسَْعَط,,,,,,387,19,سَمَعَطَ
"",اِسَْغَد,,,,,,213,8,سَمَغَدَ
"",,,,,,سََلجَََ,46,6,سَمَلَجَ
"",,,,,,سََلََََ,212,27,سَمَلَكَ
"",,,,,,سََهجَََ,47,6,سَمَهَجَ
"",اِسَْهدَ,,,,,سََهدَََ,215,8,سَمَهَدَ
"",اِسَْهرَ,,,,,سََهرَََ,88,12,سَمَهَرَ
"",اِسَْهلَ,,,,,,230,29,سَمَهَلَ
"",,,,,سَنََبْ ََخ,,275,7,سَنَبَخَ
"",,,,,س نَْب َسَ,,152,16,سَنَبَسَ
"",,,,,سَنبَْ ََك,,212,27,سَنَبَكَ
"",,,,,سَنبَْلََ,,230,29,سَنَبَلَ
"",,,,,س نْجَ ََل,,232,29,سَنَجَلَ
ملحقَبالمزيدَبحرفين,اِفعَللَ,اِفعَنللَََ,ملحقَبالمزيدَبحرف,تفَعْل ََلَ,ملحقَبمجردَالرباعي,فعَْل ََلَ,م,ص,ج
"",,,,,,,,,
"",,,,,,س نْدََرََ,90,12,سَنَدَرَ
"",,,,,,,,,
"",,,تسَ نْدَ َسَ,,س نْدَ َسَ,,154,16,سَنَدَسَ
"",,,,,س نْدَلََ,,233,29,سَنَدَلَ
"",,,,,سَنسَْ ََن,َ,,,سَنَسَنَ
"",,,,,س نْطَلََ,,233,29,سَنَطَلَ
"",,,,,,سَهجَْرََ,111,12,سَهَجَرَ
"",اِسْوَأَد,,,,,َ,,,سَوَءَدَ
"",,,,,سَوْجَرََ,َ,,,سَوَجَرَ
"",,,,,سَوْدَ ََل,َ,,,سَوَدَلَ
"",,,تسََوْدَ ََن,,سَوْدَ ََن,َ,,,سَوَدَنَ
"",,,,,سَيْسََ,َ,,,سَيَرَسَ
"",,,تسَ يْطَرََ,,س يْطَرََ,َ,,,سَيَطَرَ
"",,,تسَ يْطَلََ,,,َ,,,سَيَطَلَ
"",,,,تشََأشَْأَ,,شَأشَْأَ,280,1,شَءَشَءَ
"",,,,,,شَ ََبَََْذ,420,9,شَبَرَذَ
"",,,,,,شَبَْ َقَ,486,25,شَبَرَقَ
"",,,,,,شَبشَبَََ,,,شَبَشَبَ
"",,,,,,شََشَ ََحَ,,,شَحَشَحَ
"",,,,,,شََطَطَ,,,شَحَطَطَ
"",,,,,شََوَ ََر,َ,,,شَحَوَرَ
"",,,,,,شََشَ ََخَ,,,شَخَشَخَ
"",اِشْْأَ َب,,,,,َ,,,شَرَءَبَ
"",,,,تشََْبشَََ,,,236,17,شَرَبَشَ
"",,,,,,شَْبطََ,,,شَرَبَطَ
"",,,,,,شَْب َقََ,493,25,شَرَبَقَ
"",,,,تشََْب ََكَ,,َ,,,شَرَبَكَ
"",,,,,,شَْجَ ََب,123,3,شَرَجَبَ
"",,,,,,شَْجَََع,257,21,شَرَجَعَ
"",اِشْْحَفَ,,,تشََْحَ َفَ,,,490,23,شَرَحَفَ
"",,,,,,شَْدَقَََ,,,شَرَدَقَ
"",,,,,,شَْدَمََ,464,32,شَرَدَمَ
"",,,,,,شَْ ََس َفَ,491,23,شَرَسَفَ
"",,,,تشََْ ََسَ,,شَْ ََسََ,,,شَرَسَمَ
ملحقَبالمزيدَبحرفين,اِفعَللَ,اِفعَنل ََلَ,ملحقَبالمزيدَبحرف,تفَعْل ََلَ,ملحقَبمجردَالرباعي,فعَْللَََ,م,ص,ج
"",,,,,,,,,
"",,,,,,شَْ ََشََْ,,,شَرَشَرَ
"",,,,تشََْطَ ََن,,شَْطَ ََنَ,,,شَرَطَنَ
"",,,,,,شَْعَبََ,124,3,شَرَعَبَ
"",,,,,,شَْقطََ,,,شَرَقَطَ
"",,,,,,شَْكََََ,,,شَرَكَلَ
"",,,,,نشَْ َفََ,,509,23,شَرَنَفَ
"",,,,,نشَْ َقََ,,506,25,شَرَنَقَ
"",,,,,,شَْهَ َفَ,509,23,شَرَهَفَ
"",,,,,,شَشْقَ ََل1,259,29,شَشَقَلَ
"",,,,,,شَطْشَطَ,,,شَطَشَطَ
"",,,,,,شَعْبَذََ,426,9,شَعَبَذَ
"",,,,تشََعْب َطَ,,شَعْبَ ََطَ,,,شَعَبَطَ
"",,,,تشََعْشَََع,,شَعْشَََعَ,,,شَعَشَعَ
"",,,,,,شَعْصَ ََب,147,3,شَعَصَبَ
"",,,,,,شَعْلقََََ,,,شَعَلَقَ
"",,,,,شَعْوَََذ,َ,,,شَعَوَذَ
"",,,,تشََغْ ََبََ,,,202,12,شَغَبَرَ
"",,,,تشََغْزَبََ,,شَغْزَ َبَ,151,3,شَغَزَبَ
"",,,,,,شَغْزَنََ,282,35,شَغَزَنَ
"",,,,,,شَغْشَغَََ,,,شَغَشَغَ
"",اِشْفَتَ,,,,,شَفْتَََ,215,12,شَفَتَرَ
"",,,,,,شَفْتَََ,284,35,شَفَتَنَ
"",,,,تشََفْشَ َفَ,,شَفْشَ َفََ,,,شَفَشَفَ
"",,,,,,شَفْصَلََ,267,29,شَفَصَلَ
"",,,,,,شَقْشَ َقََ,,,شَقَشَقَ
"",,,,,,شَقْلبََََ,,,شَقَلَبَ
"",,,,,,شَكْشَكَََ,,,شَكَشَكَ
"",,,,,,شَلبَْطَََ,,,شَلَبَطَ
"",,,,,,شَلحَْ َفََ,,,شَلَحَفَ
"",,,,تشََلشَْلََ,,شَلشَ ََلَ,,,شَلَشَلَ
"",,,,,,شَلفَْطَََ,,,شَلَفَطَ
"",,,,,شَلوَْ َشَ,َ,,,شَلَوَشَ
ملحقَبالمزيدَبحرفين,اِفعَللَ,اِفعَنللَََ,ملحقَبالمزيدَبحرف,تفَعْل ََلَ,ملحقَبمجردَالرباعي,فعَْل ََلَ,م,ص,ج
"",,,,,,,,,
"",اِشْْأزَ,,,,,َ,,,شَمَءَزَ
"",,,,,,,,,
"",اِشْْأطََ,,,,,َ,,,شَمَءَطَ
"",,,,,,شَْجَرََ,242,12,شَمَجَرَ
"",اِشْْخَر,,,,,شَْخَرََ,242,12,شَمَخَرَ
"",,,,,,شَْرَ ََج,65,6,شَمَرَجَ
"",,,,,,شَْرَ ََخ,284,7,شَمَرَخَ
"",,,,,,شَََْرذََ,430,9,شَمَرَذَ
"",,,,,,شَْرَ َطَ,420,19,شَمَرَطَ
"",,,,,,شَْشَمَََ,,,شَمَشَمَ
"",,,,,,شَْصَََ,244,12,شَمَصَرَ
"",اِشْْعَط,,,,,,426,19,شَمَعَطَ
"",اِشْْعَل,,,,,,297,29,شَمَعَلَ
"",اِشْْعَد,,,,,,252,8,شَمَهَدَ
"",,,,,,شَهمَ ََذ,431,9,شَمَهَذَ
"",اِشْْهلَ,,,,,,299,29,شَمَهَلَ
"",,,,,ش نْب ََثَ,,285,5,شَنَبَثَ
"",,,,,ش نْتَََ,,246,12,شَنَبَرَ
"",,,,,شَنبَْ ََل,,299,29,شَنَبَلَ
"",,,تشََنتْفَََ,,شَنتْفَََ,َ,,,شَنَتَفَ
"",,,,,شَنتْ ََلَ,َ,,,شَنَتَلَ
"",,,تشَ نْدَ ََخ,,ش نْدَ ََخ,,285,7,شَنَدَخَ
"",,,تشََنشَْ َقَ,,شَنشَْ َقَ,َ,,,شَنَشَقَ
"",,,,,ش نْظَرََ,,249,12,شَنَظَرَ
"",,,,,ش نْظَى,,233,20,شَنَظَيَ
"",,,,,ش نْيَََ,َ,,,شَنَيَرَ
"",,,,,,شَه ََبََْ,267,12,شَهَبَرَ
"",,,,تشََهجَْ ََب,,شََهجَْبََ,169,3,شَهَجَبَ
"",,,,,,شَهدَ ََر,268,12,شَهَدَرَ
"",,,,تشََهمَْتََ,,شَهمَتََ,,,شَهَمَتَ
"",,,,,شَوْصَلََ,َ,,,شَوَصَلَ
"",,,,,شَوْقلَََ,َ,,,شَوَقَلَ
"",,,تشَ يْذَلََ,,,َ,,,شَيَذَلَ
"",,,تشَ يْطَ ََن,,ش يْطَ ََن,َ,,,شَيَطَنَ
ملحقَبالمزيدَبحرفين,اِفعَللَ,اِفعَنل ََلَ,ملحقَبالمزيدَبحرف,تفَعْللَََ,ملحقَبمجردَالرباعي,فعَْللَََ,م,ص,ج
"",,,,,,,,,
"",,,تشَ يْظَمََ,,,َ,,,شََيَظَمَ
"",,,,تصََأصََْأ,,صَأصَْأَ,304,1,صَءَصَءَ
"",,,,تصََبْصَبََ,,صَبْصَبَََ,,,صَبَصَبَ
"",,,,,,صََصَحَََ,,,صَحَصَحَ
"",,,,,,صََصَ ََخَ,,,صَخَصَخَ
"",,,,,,صَدْصَ ََد,270,8,صَدَصَدَ
"",اِصْْأَبَ,,,,,َ,,,صَرَءَبَ
"",,,,تصََصَََْ,,صَْصََََْ,,,صَرَصَرَ
"",,,,,,صَْصَعَََ,,,صَرَصَعَ
"",,,,,,صَعْ ََتَ,320,12,صَعَتَرَ
"",,اِصْعَنْْ ََر,,تصََعْرَرََ,,صَعْرَرَََ,,,صَعَرَرَ
"",,اِصْعَنْْ ََرَ,,,,,,,
"",,,,تصََعْصَعََ,,صَعْصَعََ,336,21,صَعَصَعَ
"",,اِصْعَنْفَرََ,,تصََعْفَرََ,,صَعْفَ ََر,321,12,صَعَفَرَ
"",,,,,,صَعْفَقََ,19,26,صَعَفَقَ
"",,,,تصََعْلَََ,,صَعْ ََلَ,240,27,صَعَلَكَ
"",,,,,صَعْنبَََ,,197,3,صَعَنَبَ
"",,,,,,صَغْبَ ََل,316,29,صَغَبَلَ
"",,,تصََغْرَ ََن,,,َ,,,صَغَرَنَ
"",,,,,,صَغْصَغَََ,,,صَغَصَغَ
"",,,تصََفْرَ ََن,,,َ,,,صَفَرَنَ
"",,,,,,صَفْصَ َفََ,,,صَفَصَفَ
"",اِصْقَعَر,,,,,صَقْعَ ََر,346,12,صَقَعَرَ
"",اِصْلخََد,,,,,,294,8,صَلَخَدَ
"",اِصْلخََم,,,,,,509,32,صَلَخَمَ
"",,,,تصََلصَْ ََل,,صَلصَْلَََ,,,صَلَصَلَ
"",,اِصْلنَْطَ ََح,,,,صَلطَْ ََح,551,6,صَلَطَحَ
"",,,,,,صَلفَْ ََح,552,6,صَلَفَحَ
"",,,,,,صَلفَْ ََع,353,21,صَلَفَعَ
"",,,,,,صَلقََْ ََح,552,6,صَلَقَحَ
"",,,,,,صَلقَْ ََع,354,21,صَلَقَعَ
"",,,,,,صَلقَْمََ,512,32,صَلَقَمَ
"",,,,,,صَلمَحََ,552,6,صَلَمَحَ
ملحقَبالمزيدَبحرفين,اِفعَللَ,اِفعَنللَََ,ملحقَبالمزيدَبحرف,تفَعْللَََ,ملحقَبمجردَالرباعي,فعَْللَََ,م,ص,ج
"",,,,,,,,,
"",,,,,,صَلمَعََ,354,21,صَلَمَعَ
"",,,,,,,,,
"",اِصْلهَبَ,,,,,,210,3,صَلَهَبَ
"",اِصْلهَم,,,,,,512,32,صَلَهَمَ
"",اِصْْأكَ,,,,,َ,,,صَمَءَكَ
"",اِصْْألَ,,,,,َ,,,صَمَءَلَ
"",اِصْْخَد,,,,,,298,8,صَمَخَدَ
"",,,,,,صَْدَ ََح,555,6,صَمَدَحَ
"",,,,,,صَْ ََصََ,,,صَمَصَرَ
"",,,,,,صَْصَمَََ,,,صَمَصَمَ
"",اِصْْعَد,,,,,,299,8,صَمَعَدَ
"",اِصْْغَد,,,,,,299,8,صَمَغَدَ
"",اِصْْقَر,,,,,صَْقَ ََر,352,12,صَمَقَرَ
"",اِصْْهلَ,,,,,,332,29,صَمَهَلَ
"",,,,,صَنْ ََبََ,,353,12,صَنَبَرَ
"",,,,,صَنََْبََع,,361,21,صَنَبَعَ
"",,,تصََنْدَ ََل,,صَنْدَ ََل1,,333,29,صَنَدَلَ
"",,,,,,صَهرَجََ,75,6,صَهَرَجَ
"",,,,,,صَهصَْ ََه,428,36,صَهَصَهَ
"",,,,,صَوْصَلََ,َ,,,صَوَصَلَ
"",,,,,صَوْمَلََ,َ,,,صَوَمَلَ
"",,,,,صَيْقَلََ,َ,,,صَيَقَلَ
"",,,,,,ضَاْضَأَ,313,1,ضَءَضَءَ
"",اِضَْحَر,,,,,ضََحَرََ,384,12,ضَجَحَرَ
"",,,,تضََحْضَ ََح,,ضََضَ ََحَ,,,ضَحَضَحَ
"",اِضْْغط,,,,,,448,19,ضَرَغَطَ
"",,,,تضََْغَََ,,ضَْغَََ,541,32,ضَرَغَمَ
"",,,,,,ضَْفطَََ,448,19,ضَرَفَطَ
"",اِضْْهَز,,,,,,185,15,ضَرَهَزَ
"",,,,تضََعْضَََع,,ضَعْضَعََ,415,21,ضَعَضَعَ
"",,,,,,ضَغْضَََغَ,,,ضَغَضَغَ
"",اِضْفَأدَ,,,,,َ,,,ضَفَءَدَ
"",,,,,,ضَفْدَعََ,415,21,ضَفَدَعَ
ملحقَبالمزيدَبحرفين,اِفعَللَ,اِفعَنللَََ,ملحقَبالمزيدَبحرف,تفَعْل ََلَ,ملحقَبمجردَالرباعي,فعَْللَََ,م,ص,ج
"",,,,,,,,,
"",,,,,,ضَفْضَفَََ,,,ضَفَضَفَ
"",,,,تضََكْضَكََ,,ضَكْضَكَََ,,,ضَكَضَكَ
"",,,,,,ضَلفَْ ََع,427,21,ضَلَفَعَ
"",اِضَْحَل,,,,,ضََحَلََ,356,29,ضَمَحَلَ
"",اِضَْحَن,,,,,,339,35,ضَمَحَنَ
"",,,,,,ضََرَََز,191,15,ضَمَرَزَ
"",,,,,,ضََزَََر,408,12,ضَمَزَرَ
"",,,,,,ضََضَ ََمَ,,,ضَمَضَمَ
"",,,,,ضَهيَْأَ,َ,,,ضَهَيَءَ
"",,,,,ضَوْطَ ََر,َ,,,ضَوَطَرَ
"",,,تضََوْكَََع,,ضَوْكَ ََع,َ,,,ضَوَكَعَ
"",,,تضََيْْنََ,,,َ,,,ضَيَزَنَ
"",,,,,ضَيْطَنََ,َ,,,ضَيَطَنَ
"",,,,تطََأطَأَ,,طَأطََأ,322,1,طَءَطَءَ
"",اِطْبَأنَ,,,,,َ,,,طَبَءَنَ
"",,,,تطََبْطَ ََب,,طَبْطَبََ,265,3,طَبَطَبَ
"",,,,,,طَحْرَ َبَ,266,3,طَحَرَبَ
"",,,,,,طَحْرَََم,6,33,طَحَرَمَ
"",,,,تطََحْطَحََ,,طَحْطَحَََ,,,طَحَطَحَ
"",,,,تطََحْل ََبَ,,طَحْلبَََ,267,3,طَحَلَبَ
"",,,,,,طَحْمَرََ,420,12,طَحَمَرَ
"",,,,تطََخْطَ ََخ,,طَخْطَخَََ,,,طَخَطَخَ
"",,,,,,طَرْب َشََ,243,17,طَرَبَشَ
"",,,,,,طَرْبقََََ,,,طَرَبَقَ
"",,,,,,طَرْب ََلَ,365,29,طَرَبَلَ
"",,,,,,طَرْ ََثَ,10,33,طَرَثَمَ
"",اِطْرَخَم,,,,,,10,33,طَرَخَمَ
"",,,,,,طَرْدَسََ,196,16,طَرَدَسَ
"",,,,,,طَرْسَََع,445,21,طَرَسَعَ
"",,,,,,طَرْ ََسَ,11,33,طَرَسَمَ
"",,,,,,طَرْشَََ,576,6,طَرَشَحََ
"",,,,,,طَرْشَََ,11,33,طَرَشَمَ
"",,,,,,طَرْطَ ََب,272,3,طَرَطَبَ
ملحقَبالمزيدَبحرفين,اِفعَللَ,اِفعَنللَََ,ملحقَبالمزيدَبحرف,تفَعْل ََلَ,ملحقَبمجردَالرباعي,فعَْللَََ,م,ص,ج
"",,,,,,,,,
"",,,,,,طَرْطَ ََرَ,,,طَرَطَرَ
"",,,,,,,,,
"",,,,,,طَرْطَ َشَ,243,17,طَرَطَشَ
"",,,,تطََرْطَقََ,,طَرْطَقَََ,,,طَرَطَقَ
"",,,,تطََرْطَ ََل,,طَرْطَلَََ,,,طَرَطَلَ
"",,,,تطََرْطَمََ,,طَرْطَ ََمَ,,,طَرَطَمَ
"",اِطْرَغشَ,,,,,,243,17,طَرَغَشَ
"",اِطْرَغََ,,,,,,11,33,طَرَغَمَ
"",,,,,,طَرْف َسََ,196,16,طَرَفَسَ
"",,,,تطََرْفشَََ,,طَرْف َشََ,244,17,طَرَفَشَ
"",,,,,,طَرْمَحََ,576,6,طَرَمَحَ
"",,,,,,طَرْمَذََ,436,9,طَرَمَذَ
"",,اِطْرَم َسَ,,,,طَرْمَسََ,197,16,طَرَمَسَ
"",,,,,,طَرْمَ َشَ,244,17,طَرَمَشَ
"",,,تطََرْن ََنَ,,طَرْننََََ,َ,,,طَرَنَنَ
"",اِطْرَهََ,,,,,,12,33,طَرَهَمَ
"",,,,,,طَعْرَبََ,274,3,طَعَرَبَ
"",,,,,,طَعْسَفََ,90,24,طَعَسَفَ
"",اِطْفَأنَ,,,,,َ,,,طَفَءَنَ
"",,,,,,طَفْطَفَََ,,,طَفَطَفَ
"",,,,,,طَقْطَقَََ,,,طَقَطَقَ
"",اِطْلحََب,,,,,,278,3,طَلَحَبَ
"",,,,,,طَلحَْ ََث,293,5,طَلَحَثَ
"",,,,,,طَلخَْ ََث,293,5,طَلَخَثَ
"",اِطْلخََم,,,,,,24,33,طَلَخَمَ
"",,,,,,طَلسَمََ,24,33,طَلَسَمَ
"",,اِطْلنَ َسَْ,,,,,207,16,طَلَسَي
"",,اِطْلنَشََْأ,,,,,328,1,طَلَشَءَ
"",,,,,,طَلطَْلَََ,,,طَلَطَلَ
"",,اِطْلنَْفََأ,,,,,328,1,طَلَفَءَ
"",,,,,,طَلفَْحََ,587,6,طَلَفَحَ
"",,اِطْلمَسََ,,تطََلمَ َسَ,,طَلمَ َسَ,205,16,طَلَمَسَ
"",اِطْمَأنَ,,,تطََمْأنَََ,,طَمْأ ََنََ,,,طَمَءَنَ
"",اِطْمَحَر,,,,,طَمْحَ ََر,437,12,طَمَحَرَ
ملحقَبالمزيدَبحرفين,اِفعَللَ,اِفعَنللَََ,ملحقَبالمزيدَبحرف,تفَعْللَََ,ملحقَبمجردَالرباعي,فعَْل ََلَ,م,ص,ج
"",,,,,,,,,
"",اِطْمَخَر,,,,,,437,12,طَمَخَرَ
"",,,,,,طَمْرَ َسَ,207,16,طَمَرَسَ
"",,,,,,طَمْسَلََ,389,29,طَمَسَلَ
"",,,,,,طَمْطَمَََ,,,طَمَطَمَ
"",,,,,,طَمْلسَََ,210,16,طَمَلَسَ
"",,,تطََنْبَقََ,,طَنْبَقََ,َ,,,طَنَبَقَ
"",,,,,طَنْبَ ََل,,389,29,طَنَبَلَ
"",,,تطََنْثَََ,,طَنْثَََ,,438,12,طَنَثَرَ
"",,,تطََنْجَرََ,,طَنْجَ ََر,,438,12,طَنَجَرَ
"",,,,,طَنْطَ ََن,َ,,,طَنَطَنَ
"",,,,,طَنْفَ َسَ,,210,16,طَنَفَسَ
"",,,,,طَنْفَشََ,,247,17,طَنَفَشَ
"",,,,,,طَهفَْ ََل,400,29,طَهَفَلَ
"",,,,تطََهلْ َسََ,,,218,16,طَهَلَسَ
"",,,,تطََهمَْلََ,,,401,29,طَهَمَلَ
"",,,,,طَوْبرَََ,َ,,,طَوَبَرَ
"",,,تطََوْطَ ََح,,,َ,,,طَوَطَحَ
"",,,تطََوْل َقََ,,طَوْل َقََ,َ,,,طَوَلَقَ
"",,,,,طَيْحَلََ,َ,,,طَيَحَلَ
"",,,,,طَيسَْ ََل,َ,,,طَيَسَلَ
"",,,تطََيشَََْْ,,طَيشَََْْ,َ,,,طَيَشَرَ
"",,,تطََيْلسَََ,,,َ,,,طَيَلَسَ
"",,,,,,ظَأظَْأَ,331,1,ظَءَظَءَ
"",,,,تظََبْظَبََ,,ظَبْظَبََ,292,3,ظَبَظَبَ
"",,,,تظََ برْ ََنَ,,َ,,,ظَرَبَنَ
"",,,,تعََبْعَبََ,,عَبْعَ ََبَ,,,عَبَعَبَ
"",,,,,,عَبْقَ ََر,513,12,عَبَقَرَ
"",,,,تعََبْقَسََ,,,226,16,عَبَقَسَ
"",,اِعْبَنْقَى,,,,,114,26,عَبَقَي
"",,,,,,عَبَْ ََلَ,424,29,عَبَهَلَ
"",,,,تعََتْ َسَ,,عتَْ َسَ,227,16,عَتَرَسَ
"",,,,تعََ ََتْ َفَ,,ع ََتَْفََ,121,24,عَتَرَفَ
"",,,,,,عَتْعَ َتََ,,,عَتَعَتَ
ملحقَبالمزيدَبحرفين,اِفعَللَ,اِفعَنللَََ,ملحقَبالمزيدَبحرف,تفَعْللَََ,ملحقَبمجردَالرباعي,فعَْللَََ,م,ص,ج
"",,,,,,,,,
"",,,,,,عَتْل ََبَ,316,3,عَتَلَبَ
"",,,,,,,,,
"",,,تعََتْوَرََ,,,َ,,,عَتَوَرَ
"",,,,,,عَثجَْ ََل,430,29,عَثَجَلَ
"",,,,,,عَثعَ ََثَ,,,عَثَعَثَ
"",,,,تعََثكَََْ,,عَث ََكَ,430,29,عَثَكَلَ
"",,,,تعََثلْبَََ,,عَثلْ ََبَ,316,3,عَثَلَبَ
"",,,,تعََجْبَََ,,َ,,,عَجَبَنَ
"",,,,تعََجْرَ َفَ,,,122,24,عَجَرَفَ
"",,,,,,عَجرَََم,68,33,عَجَرَمَ
"",,,,,,عَجعَ ََجَ,,,عَجَعَجَ
"",,,,تعََجْ ََلَْ,,,352,8,عَجَلَدَ
"",,,,,,عَجل ََزَ,216,15,عَجَلَزَ
"",,,,تعََجْه ََنَ,,,380,35,عَجَهَنَ
"",,,,,,عدَْرَ َسَ,239,16,عَدَرَسَ
"",,,,,,عدَْعدََََ,,,عَدَعَدَ
"",,,,,,عدَْهَ ََر,540,12,عَدَهَرَ
"",,,,تعََذْف ََرَ,,,560,12,عَذَفَرَ
"",,,,,,عذَْلجَََ,93,6,عَذَلَجَ
"",,,,تعََذْل َقََ,,,130,26,عَذَلَقَ
"",,,,,,عَرْب ََدَ,375,8,عَرَبَدَ
"",,,,تعََرْبسَََ,,عَرْبسَََ,241,16,عَرَبَسَ
"",,,,تعََرْب َشََ,,َ,,,عَرَبَشَ
"",,,,تعََرْب َقََ,,عَرْبقََََ,,,عَرَبَقَ
"",,,,تعََ برْنَََ,,عَرْبنَََ,395,35,عَرَبَنَ
"",,,,,,عَرْتنَََ,395,35,عَرَتَنَ
"",,اِعْرَنْْ ََج,,,,َ,,,عَرَجَجَ
"",,اِعْرَنْْمََ,,,,,84,33,عَرَجَمَ
"",,,,,,عَرْجَ ََن,395,35,عَرَجَنَ
"",,,,,,عَرْدَ َسَ,242,16,عَرَدَسَ
"",,,,,,عَرْدَشَََ,,,عَرَدَشَ
"",,اِعْرَنزَََم,,,,,85,33,عَرَزَمَ
"",,,,,,عَرْصَ َفَ,132,24,عَرَصَفَ
"",,,,,,عَرْطَ ََز,219,15,عَرَطَزَ
ملحقَبالمزيدَبحرفين,اِفعَللَ,اِفعَنل ََلَ,ملحقَبالمزيدَبحرف,تفَعْللَََ,ملحقَبمجردَالرباعي,فعَْللَََ,م,ص,ج
"",,,,,,,,,
"",,,,,,عَرْطَسََ,252,16,عَرَطَسَ
"",,,,,,عَرْطَ ََل,462,29,عَرَطَلَ
"",,,,تعََرْعَ ََر,,عَرْعَرَََ,,,عَرَعَرَ
"",,اِعْ نرَفَْ ََز,,,,,219,15,عَرَفَزَ
"",,,,,,عَرْفصَََ,33,18,عَرَفَصَ
"",,اِعْ نرَفَْ ََط,,,,,471,19,عَرَفَطَ
"",,,,تعََرْقبَََ,,عَرْقبَََ,357,3,عَرَقَبَ
"",,,,,,عَرْق َصََ,33,18,عَرَقَصَ
"",,,,,,عَرْقفََََ,,,عَرَقَفَ
"",,,,تعََرْقلَََ,,عَرْقلَََ,463,29,عَرَقَلَ
"",,اِعْرَنكَسََ,,,,عَرْكَسََ,252,16,عَرَكَسَ
"",,,,,,عَرْمَ َسَ,253,16,عَرَمَسَ
"",,,,,,عَرْمَضََ,431,18,عَرَمَضَ
"",,,,تعََزْرَ ََن,,َ,,,عَزَرَنَ
"",,,,,,عَزْعَ ََزَ,,,عَزَعَزَ
"",,,,,,عَس بَ ََل,484,29,عَسَبَلَ
"",,,,,,عَسْجَ ََر,37,13,عَسَجَرَ
"",,,,,,عَسْحَرََ,37,13,عَسَحَرَ
"",,,,,,عَسْ ََط ََل,484,29,عَسَطَلَ
"",,,,,,عَسْطَمََ,95,33,عَسَطَمَ
"",,,,تعََسْعَسََ,,عَسْعَ َسََ,,,عَسَعَسَ
"",,,,,,عَسْقَ ََب,371,3,عَسَقَبَ
"",,,,,,عَسْقفَََ,160,24,عَسَقَفَ
"",,,,,,عَسْكَ ََر,38,13,عَسَكَرَ
"",,,,,,عَسْلبَََ,372,3,عَسَلَبَ
"",,,,,,عَسْلجَََ,103,6,عَسَلَجَ
"",,,,,,عَسْمَطَ,473,19,عَسَمَطَ
"",,,,,عَسْن ََبَ,,372,3,عَسَنَبَ
"",,,,,,عَشْجَذََ,438,9,عَشَجَذَ
"",,,,,,عَشْْقََ,157,26,عَشَرَقَ
"",,,,,,عَشْْنَََ,,,عَشَرَنَ
"",,,,تعََش ن َطَ,,,474,19,عَشَنَطَ
"",اِعْصَألَ,,,,,َ,,,عَصَءَلَ
ملحقَبالمزيدَبحرفين,اِفعَللَ,اِفعَنل ََلَ,ملحقَبالمزيدَبحرف,تفَعْل ََلَ,ملحقَبمجردَالرباعي,فعَْل ََلَ,م,ص,ج
"",,,,,,,,,
"",,,,تعََصْفَرََ,,عَصْفَرََ,74,13,عَصَفَرَ
"",,,,,,,,,
"",,,,,,عَصْلبَََ,388,3,عَصَلَبَ
"",,,,,,عَصْل ََجَ,104,6,عَصَلَجَ
"",,,تَعَصْوَدََ,,عَصْوَََد,َ,,,عَصَوَدَ
"",اِعْضَألَ,,,,,َ,,,عَضَءَلَ
"",,,,,,عَضْبََََ,78,13,عَضَبَرَ
"",,,,تعََضْْطََ,,عَضْْطََ,475,19,عَضَرَطَ
"",,,,,,عَضْعَضَََ,,,عَضَعَضَ
"",,,,,,عَضْهلَََ,6,30,عَضَهَلَ
"",اِغْطَألَ,,,,,َ,,,عَطَءَلَ
"",,,,,,عَطْرَدََ,392,8,عَطَرَدَ
"",,,,,,عَطْعَطَ,,,عَطَعَطَ
"",,,,,,عَطْلسَََ,266,16,عَطَلَسَ
"",اِعْظَألَ,,,,,َ,,,عَظَءَلَ
"",,,,تعََظْعَ َظ,,عَظْعَظ,114,33,عَظَعَظَ
"",,,,تعََظْ َََل,,,114,33,عَظَلَمَ
"",,اَعْفَنجَْجََ,,,,,107,6,عَفَجَجَ
"",,,,تعََفْرَتََ,,َ,,,عَفَرَتَ
"",,,,,,عَفْرَ َسَ,267,16,عَفَرَسَ
"",,,,,,عَفْضَ ََج,107,6,عَفَضَجَ
"",,,,,,عَفْطَ ََل,17,30,عَفَطَلَ
"",,,,,,عَفْعَ َفََ,,,عَفَعَفَ
"",,اِعْفَنقَْ َسَ,,,,عَفْقَ َسَ,270,16,عَفَقَسَ
"",,,,,,عَفْلطَ,482,19,عَفَلَطَ
"",,,,,عَفْنشَََ,,270,17,عَفَنَشَ
"",,,,تعََقْبَلََ,,,40,30,عَقَبَلَ
"",,,,تعََقْرَ َبَ,,عَقْرَ َبَ,423,3,عَقَرَبَ
"",,اِعْقَنفَْرََ,,تعََقْفَرََ,,عَقْفَ ََر,117,13,عَقَفَرَ
"",,,,,,عَقْفََ ََز,241,15,عَقَفَزَ
"",,,,تعََكْبسَََ,,عَكْبسَََ,272,16,عَكَبَسَ
"",,,,تعََكْب َشََ,,عَكْبشَََ,271,17,عَكَبَشَ
"",,,,,,عَكْرَََد,406,8,عَكَرَدَ
"",,,,تعََكْرَ َشَ,,عَكْرَ َشَ,272,17,عَكَرَشَ
ملحقَبالمزيدَبحرفين,اِفعَللَ,اِفعَنل ََلَ,ملحقَبالمزيدَبحرف,تفَعْل ََلَ,ملحقَبمجردَالرباعي,فعَْل ََلَ,م,ص,ج
"",,,,,,,,,
"",,,,تعََكْرَكََ,,عَكْرَكَََ,,,عَكَرَكَ
"",,اِعلْنَْبَأَ,,,,عَكْشَبََ,431,3,عَكَشَبَ
"",,,,تعََكْْ َسََ,,عَكْْسَََ,275,16,عَكَمَسَ
"",,اِعلْنَْ َبَ,,,علَبََْ,َ,,,عَلَبَيَ
"",,,,,,علَسَطَ,484,19,عَلَسَطَ
"",,,,,,علَطَْ َسَ,278,16,عَلَطَسَ
"",,,,تعََلعَلََ,,َ,,,عَلَعَلَ
"",,,,,,علَفَْصََ,44,18,عَلَفَصَ
"",,,,,,علَفَْط,491,19,عَلَفَطَ
"",,,,تعََلقَْ ََم,,علَقَْ ََم,141,33,عَلَقَمَ
"",,اِعلْنَْكَ َسَ,,,,علَكسَََ,279,16,عَلَكَسَ
"",,اِعلْنَْكَ ََك,,,,َ,,,عَلَكَكَ
"",,,,,,علَه ََجَ,112,6,عَلَهَجَ
"",,,,,,علَهدَََ,411,8,عَلَهَدَ
"",,,,,,علَهسَََ,280,16,عَلَهَسَ
"",,,,,,علَهصَََ,45,18,عَلَهَصَ
"",,,,,,علَه َضََ,445,18,عَلَهَضَ
"",,,,,علَوَََْد,َ,,,عَلَوَدَ
"",,,,,,عَْرَطََ,492,19,عَمَرَطَ
"",,,,تعََمْشَ َشَ,,عَْشَ َشََ,,,عَمَشَشَ
"",,,,,,عَْعَ ََمَ,,,عَمَعَمَ
"",,,,,,عَْل َسََ,285,16,عَمَلَسَ
"",,,,,,عَْلقَََ,207,26,عَمَلَقَ
"",,,تعََنْبسَََ,,عَنْب َسََ,,287,16,عَنَبَسَ
"",,,,,عَنْتتَََ,َ,,,عَنَتَتَ
"",,,,,عَنْتَََ,,150,13,عَنَتَرَ
"",,,,,عَنْتَلََ,,65,30,عَنَتَلَ
"",,,,,عَنْجَدََ,,242,8,عَنَجَدَ
"",,,,,عَنْجَرََ,,151,13,عَنَجَرَ
"",,,تعََنْدَ ََل,,عَنْدَ ََل,,456,29,عَنَدَلَ
"",,,تعََنْْقََ,,عنَْْ َقَ,,208,26,عَنَزَقَ
"",,,,,عنَسَْ َقَ,,209,26,عَنَسَقَ
"",,,تعََنشَْط,,عنَشَْ َط,,493,19,عَنَشَطَ
ملحقَبالمزيدَبحرفين,اِفعَللَ,اِفعَنل ََلَ,ملحقَبالمزيدَبحرف,تفَعْل ََلَ,ملحقَبمجردَالرباعي,فعَْل ََلَ,م,ص,ج
"",,,,,,,,,
"",,,,,عَنْظَلََ,,67,30,عَنَظَلَ
"",,,,,,,,,
"",,,,,عَنْظَى,َ,,,عَنَظَيَ
"",,,,,عَنْعَنََ,َ,,,عَنَعَنَ
"",,,,,عَنْفَ َشَ,,281,17,عَنَفَشَ
"",,,تعََنْفَصََ,,عَنْفَ َصَ,,47,18,عَنَفَصَ
"",,,تعََنْقَ َشَ,,عَنْقَ َشَ,,281,17,عَنَقَشَ
"",,,تعََنْقَلََ,,عَنْقَ ََل,َ,,,عَنَقَلَ
"",,,تعََنْكَثََ,,,,301,5,عَنَكَثَ
"",,,,,عَنْكَ ََر,,153,13,عَنَكَرَ
"",,,تعََنْكَ َشَ,,عَنْكَشََ,,282,17,عَنَكَشَ
"",,,تعََنْوَ ََن,,عَنْوَ ََن,َ,,,عَنَوَنَ
"",,,,,,عَهعَْهَََ,,,عَهَعَهَ
"",,,تعََوْكَرََ,,عَوْكَ ََر,َ,,,عَوَكَرَ
"",,,,,عَوْهَبََ,َ,,,عَوَهَبَ
"",,,تعََيْْ ََرَ,,عَيْْ ََرَ,َ,,,عَيَهَرَ
"",,,,,عَيْْلَََ,َ,,,عَيَهَلَ
"",,,,,عَيْْ ََمَ,,161,33,عَيَهَمَ
"",,,,,,غاغاَ,,,غَاَغَاَ
"",,,,,,غأَغَْأَ,340,1,غَءَغَءَ
"",,,,,,غبَْغَبَََ,,,غَبَغَبَ
"",,,,تغََتْ َفَ,,غتَْ َفَ,199,24,غَتَرَفَ
"",,,,,,غثَلْبَََ,456,3,غَثَلَبَ
"",,,,,,غثَمَ ََر,202,13,غَثَمَرَ
"",,,,,,غدَْغ ََدَ,,,غَدَغَدَ
"",,,,,,غدَْفلَََ,85,30,غَدَفَلَ
"",,,,تغََذََْر َفَ,,,202,24,غَذَرَفَ
"",,,,تغََذْرَََم,,غذَْرَََم,169,33,غَذَرَمَ
"",,,,تغََذْغذَََ,,َ,,,غَذَغَذََ
"",,,,تغََذْمَرََ,,غذَْمَ ََر,213,13,غَذَمَرَ
"",,,,تغََرْب ََلَ,,غرْبلَََ,87,30,غَرَبَلَ
"",,,,,,غرْدَقََ,245,26,غَرَدَقَ
"",,اِغْ نرَدَْى,,,,,746,8,غَرَدَي
"",,اِغْ نرَشَْ ََم,,,,,171,33,غَرَشَمَ
ملحقَبالمزيدَبحرفين,اِفعَللَ,اِفعَنل ََلَ,ملحقَبالمزيدَبحرف,تفَعْل ََلَ,ملحقَبمجردَالرباعي,فعَْل ََلَ,م,ص,ج
"",,,,,,,,,
"",,,,تغََرْغرَََ,,غرْغرََََ,,,غَرَغَرَ
"",,,,,,غرْقأََ,341,1,غَرَقَءَ
"",,,,,,غرْقلَََ,89,30,غَرَقَلَ
"",,,,,غ نرْ َقََ,,245,26,غَرَنَقَ
"",,,,تغََزْغزَََ,,غزْغزََََ,,,غَزَغَزَ
"",,,,,,غسْغسََََ,,,غَسَغَسَ
"",,,,,غسْنبَََ,,483,3,غَسَنَبَ
"",,,,تغََشََْْم,,,174,33,غَشَرَمَ
"",,,,تغََشْمَرََ,,غشْمَ ََر,239,13,غَشَمَرَ
"",,,,,,غصَْل ََجَ,131,6,غَصَلَجَ
"",,,,,,غصَْل َقََ,253,26,غَصَلَقَ
"",,,,تغََضْغَضََ,,غضَْغَضَََ,,,غَضَغَضَ
"",,,,,,غضَْفَرََ,245,13,غَضَفَرَ
"",,,,تغََطْرَ َسَ,,غطَْرَسََ,307,16,غَطَرَسَ
"",,,,تغََطََْرشََ,,غطَْرَشََ,292,17,غَطَرَشَ
"",,,,تغََطْرَ َفَ,,غطَََْر َفَ,218,24,غَطَرَفَ
"",,,,تغََطْغطََ,,غطَْغَطَ,,,غَطَغَطَ
"",,,,تغََطْمَ َشَ,,غطَْمَ َشَ,294,17,غَطَمَشَ
"",,,,تغََطْمَطَ,,غطَْمَط,514,19,غَطَمَطَ
"",اِغْظَألَ,,,,,َ,,,غَظَءَلَ
"",,,,,,غقَْغَ َقََ,,,غَقَغَقَ
"",,اِغلْنَْ َثَ,,,,َ,,,غَلَثَي
"",,,,,,غلَصَْمََ,178,33,غَلَصَمَ
"",,,,تغََلغَ ََل,,غلَغَلَََ,,,غَلَغَلَ
"",,,,,,غلَفَْقََ,257,26,غَلَفَقَ
"",,,,,,غَْجَرََ,266,13,غَمَجَرَ
"",,,,,,غَْذَ ََر,266,13,غَمَذَرَ
"",,,,تغََمْغمَََ,,غَْغَمَََ,,,غَمَغَمَ
"",,,تغََنْثَََ,,غنَْثَََ,,268,13,غَنَثَرَ
"",,,تغََنْدَرََ,,غنَْدَ ََر,,269,13,غَنَدَرَ
"",,,تغََنْدَفََ,,غنَْدَ َفَ,َ,,,غَنَدَفَ
"",,,,,غنَْذَى,,449,9,غَنَذَيَ
"",,,,,غنَْظَى,َ,,,غَنَظَيَ
ملحقَبالمزيدَبحرفين,اِفعَللَ,اِفعَنللَََ,ملحقَبالمزيدَبحرف,تفَعْللَََ,ملحقَبمجردَالرباعي,فعَْل ََلَ,م,ص,ج
"",,,,,,,,,
"",,,تغََوْذَ ََن,,غوَْذَنََ,َ,,,غَوَذَنَ
"",,,,,,,,,
"",,,,,غوَْرَ َقَ,َ,,,غَوَرَقَ
"",,,,,غيَْْ َقََ,َ,,,غَيَهَقَ
"",,,,,,فأَفأََ,341,1,فَءَفَءَ
"",,,,,,فتَْصََ,62,18,فَتَرَصَ
"",,,,تفََتْفَتََ,,فتَْفَ َتََ,,,فَتَفَتَ
"",,,,,,فحَْفَ ََحَ,,,فَحَفَحَ
"",,,,,,فدَْ َََغ,202,33,فَدَغَمَ
"",,,,,,فدَْفدَََ,479,8,فَدَفَدََ
"",,,,,,فذَْف ََذََ,,,فَذَفَذَ
"",,,,,,فذَْلَََ,293,27,فَذَلَكَ
"",,اِف نِربَْ ََج,,,,فرَْبجَََ,149,6,فَرَبَجَ
"",,,,تفََرْت ََكَ,,فرَْت ََكَ,297,27,فَرَتَكَ
"",,,,,,فرَْتلََََ,,,فَرَتَلَ
"",,,,تفََرْتنَََ,,فرَْتنَََ,503,35,فَرَتَنََ
"",,,,,,فرَْث ََدَ,904,8,فَرَثَدََ
"",,,,,,فرَْثطَ,525,19,فَرَثَطَ
"",,,,,,فرَْجَلََ,155,30,فَرَجَلَ
"",,اِفرَنْْمََ,,,,,206,33,فَرَجَمَ
"",,,,,,فرَْجَنََ,504,35,فَرَجَنَ
"",,,,,,فرَْحَجََ,149,6,فَرَحَجَ
"",,,,تفََرْدَ ََخ,,فرَْدَخََ,316,7,فَرَدَخَ
"",,,,,,فرَْدَ َسَ,321,16,فَرَدَسَ
"",,,,تفََرْزَ ََع,,,479,21,فَرَزَعَ
"",,,,,,فرَْزَلََ,155,30,فَرَزَلَ
"",,,,تفََرْزَ ََن1,,فرَْزَ ََن,504,35,فَرَزَنَ
"",,,,,,فرَْسَََ,14,7,فَرَسَحَ
"",,اِف نرَسَْ ََخ,,تَفَرْ ََسَ,,فرَْ ََسَ,317,7,فَرَسَخَ
"",,,,تفََرْسَنََ,,فرَْسَ ََن,505,35,فَرَسَنَ
"",,,,تفََرْ ََشَ,,فرَْ ََشَ,14,7,فَرَشَحَ
"",,,,,,فرَْ ََشَ,14,7,فَرَشَخَ
"",,,,,,فرَْشَ ََد,904,8,فَرَشَدَ
ملحقَبالمزيدَبحرفين,اِفعَللَ,اِفعَنللَََ,ملحقَبالمزيدَبحرف,تفَعْللَََ,ملحقَبمجردَالرباعي,فعَْللَََ,م,ص,ج
"",,,,,,,,,
"",,,,,,فرَْشَطََ,525,19,فَرَشَطَ
"",,,,,,فرَْصَََ,206,33,فَرَصَمَ
"",,,,,,فرَْصَ ََن,506,35,فَرَصَنَ
"",,,,تفََرْضَََ,,فرَْضََََ,,,فَرَضَحَ
"",,,,تفََرْطَ ََح,,فرَْطَ ََح,15,7,فَرَطَحَ
"",,,,,,فرَْطَسََ,334,16,فَرَطَسَ
"",,,,,,فرَْطَشََ,312,17,فَرَطَشَ
"",,,,,,فرَْطَمََ,207,33,فَرَطَمَ
"",,,,تفََرْعَ ََن,,فرَْعَنََ,506,35,فَرَعَنَ
"",,,,تفََرْفرَََ,,فرَْفرََََ,,,فَرَفَرَ
"",,,,تفََرْف َشََ,,فرَْفشََََ,,,فَرَفَشَ
"",,,,,,فرَْف َصََ,70,18,فَرَفَصَ
"",,,,,,فرَْفطََ,,,فَرَفَطَ
"",,,,تفََرْف ََلَ,,فرَْفلَََ,157,30,فَرَفَلَ
"",,اِف نرَقَْعََ,,تفََرْقََعَ,,فرَْقََعَ,494,21,فَرَقَعَ
"",,,,,,فرَْكَ ََكَ,,,فَرَكَكَ
"",,,,تفََرْكَ ََن,,فرَْكَ ََنَ,,,فَرَكَنَ
"",,,,,,فرَْمَقَََ,,,فَرَمَقَ
"",,,,,ف نرَْسَََ,,329,16,فَرَنَسَ
"",,,,تفََ نرْ َقََ,,,300,26,فَرَنَقَ
"",,,,تفََرْهَدََ,,فرَْهَ ََد,449,8,فَرَهَدَ
"",,,,,فرَْوَ ََز,َ,,,فَرَوَزَ
"",,,,,,فزَْرَ َقَ,301,26,فَزَرَقَ
"",,,,,,فزَْف ََزََ,,,فَزَفَزَ
"",,,,تفََسْقَلََ,,َ,,,فَسَقَلَ
"",,,,,,فسَْ ََكَ,159,30,فَسَكَلَ
"",,,,,,فشَْفَ َشََ,,,فَشَفَشَ
"",,,,تفََشْقَ ََر,,فشَْقَرَََ,,,فَشَقَرَ
"",,,,تفََشْ ََكَ,,فشَْ ََكََ,,,فَشَكَلَ
"",,,,تفََصْفَصََ,,فصَْفَصَََ,,,فَصَفَصَ
"",,,,تفََضْفَضََ,,فضَْفَ َضََ,,,فَضَفَضَ
"",,,,,,فطَْرَشََ,317,17,فَطَرَشَ
"",,,,,,فطَْفَط,544,19,فَطَفَطَ
ملحقَبالمزيدَبحرفين,اِفعَللَ,اِفعَنللَََ,ملحقَبالمزيدَبحرف,تفَعْل ََلَ,ملحقَبمجردَالرباعي,فعَْللَََ,م,ص,ج
"",,,,,,,,,
"",,,,تفََعْفَعََ,,فعَْفَعََ,505,21,فَعَفَعَ
"",,,,,,,,,
"",,,,,,فعَْمَلََ,187,30,فَعَمَلَ
"",,,,,,فقَْحَلََ,188,30,فَقَحَلَ
"",,,,تفََقْفَقََ,,فقَْفَقَََ,,,فَقَفَقَ
"",,,,تفََلحَْ َسَ,,,342,16,فَلَحَسَ
"",,,,تفََلسَ َفَ1,,فلَسَفََ,230,24,فَلَسَفَ
"",,,,تفََلطَْحََ,,فلَطَْ ََح,30,7,فَلَطَحَ
"",,,,تفََلطَْ َسَ,,,345,16,فَلَطَسَ
"",,,,,,فلَفَْ َسََ,,,فَلَفَسَ
"",,,,تفََلفَْلََ,,فلَفَْلَََ,,,فَلَفَلَ
"",,,,تفََلقَْ ََح2,,فلَقَْحََ,31,7,فَلَقَحَ
"",,,,,,فلَقَْطََ,548,19,فَلَقَطَ
"",,,,,فنَجَْرََ,َ,,,فَنَجَرَ
"",,,,,فنَجَْ ََل,,198,30,فَنَجَلَ
"",,,,,فنَخَْرََ,,346,13,فَنَخَرَ
"",,,,,فنَدَسََ,,346,16,فَنَدَسَ
"",,,,,فنَدَشََ,,318,17,فَنَدَشَ
"",,,تفََندَ ََل,,فنَدَ ََل,,198,30,فَنَدَلَ
"",,,تفََنْْرََ,,,,347,13,فَنَزَرَ
"",,,تفََنشَْخََ,,فنَشَْخََ,,323,7,فَنَشَخَ
"",,,,,فنَشََْ ََل,,198,30,فَنَشَلَ
"",,,,,فنَفَْنََ,,520,35,فَنَفَنَ
"",,,,,فنَكَ َشَ3,َ,,,فَنَكَشَ
"",,,,,,فهَرَسَ4َ,349,16,فَهَرَسَ
"",,,,تفََهكنَََ,,,522,35,فَهَكَنَ
"",,,تفََوْضَلََ,,فوَْضَلََ,َ,,,فَوَضَلَ
"",,,تفََيْحَ َسَ,,,َ,,,فَيَحَسَ
"",,,تفََيْحَ َقَ,,,َ,,,فَيَحَقَ
"",,,تفََيْلقَََ,,,َ,,,فَيَلَقَ
ملحقَبالمزيدَبحرفين,اِفعَللَ,اِفعَنل ََلَ,ملحقَبالمزيدَبحرف,تفَعْللَََ,ملحقَبمجردَالرباعي,فعَْل ََلَ,م,ص,ج
"",,,,,,,,,
"",,,تفََيْلَََ,,,َ,,,فَيَلَمَ
"",,,تفََيْْقَََ,,,َ,,,فَيَهَقَ
"",اِقْبَأنَ,,,,,َ,,,قَبَءَنَ
"",,,,تقََبْطَلََ,,قبَْطَ ََلَ,,,قَبَطَلَ
"",,,,,,قبَْقَ ََبَ,,,قَبَقَبَ
"",اِقْتأنَ,,,,,َ,,,قَتَءَنَ
"",,,,,,قتَََْدَ,8,9,قَتَرَدَ
"",,,,,,قثَََْد,9,9,قَثَرَدَ
"",,,,,,قحَْثَََ,369,13,قَحَثَرَ
"",,,,تقََحْدَََم,,,234,33,قَحَدَمَ
"",,,,تقََحْذَََم,,,234,33,قَحَذَمَ
"",,,,تقََحْزَلََ,,قحَْزَ ََل,240,30,قَحَزَلَ
"",,,,تقََحْزَََم,,قحَْزَََم,235,33,قَحَزَمَ
"",,,,,,قحَْزَ ََن,528,35,قَحَزَنَ
"",,,,,,قحَْطَ ََب,520,3,قَحَطَبَ
"",,,,,,قحَْطَرََ,369,13,قَحَطَرَ
"",,,,,,قحَْفَزََ,278,15,قَحَفَزَ
"",,,,,,قحَْفَ ََل,240,30,قَحَفَلَ
"",,,,,,قحَْقَحََ,38,7,قَحَقَحَ
"",,,,تقََحْل ََزَ,,قحََْل ََز,278,15,قَحَلَزَ
"",,,,,,قحَْل َفََ,239,24,قَحَلَفَ
"",اِقْدَحَر,,,,,,383,13,قَدَحَرَ
"",اِقْذَعَرَ,,,,,,387,13,قَذَعَرَ
"",اِقْذَعلَ,,,,,,241,30,قَذَعَلَ
"",,,,تقََذْقذَََ,,قذْقذََََ,,,قَذَقَذَ
"",,,,,,قرْب َصَََ,,,قَرَبَصَ
"",,,,تقََرْبطَ,,قرْبطََ,,,قَرَبَطَ
"",,اِقْ نرَبَْ ََع,,,,قرْبعَََ,528,21,قَرَبَعَ
"",,,,تقََ برْنَََ,,ق برْنََََ,,,قَرَبَنَ
"",,,,,,,24,4,قَرَتَبَ
"",,,,تقََرْثعَََ,,قرْث ََعَ,529,21,قَرَثَعَ
"",,اِقْ نرَدَْ ََح,,,,قرْدَ ََح,55,7,قَرَدَحَ
"",,,,,,قرْدَسََ,362,16,قَرَدَسَ
ملحقَبالمزيدَبحرفين,اِفعَللَ,اِفعَنل ََلَ,ملحقَبالمزيدَبحرف,تفَعْللَََ,ملحقَبمجردَالرباعي,فعَْل ََلَ,م,ص,ج
"",,,,,,,,,
"",,,,,,قرْدَ َشََ,,,قَرَدَشَ
"",,,,,,,,,
"",,,,,,قرََْدعََ,530,21,قَرَدَعَ
"",,,,,,قرْدَلَََ,,,قَرَدَلَ
"",,,,,,قرْدَنََ,554,35,قَرَدَنَ
"",,,,,,قرْزَ ََل,244,30,قَرَزَلَ
"",,,,,,قرْزَََم,259,33,قَرَزَمَ
"",,,,,,قرْسَََ,260,33,قَرَسَمَ
"",,,,,,قرْشَََ,56,7,قَرَشَحَ
"",,اِقْ نرَشَََْع,,,,,531,21,قَرَشَعَ
"",,,,,,قرْشَََ,260,33,قَرَشَمَ
"",,,,,,قرْصَ ََب,25,4,قَرَصَبَ
"",,اِقْ نرَصَْ ََع,,تَقَرْصَعََ,,قرْصَعََ,532,21,قَرَصَعَ
"",,اِقْ نرَصََْ َفَ,,تقََرْصَفََ,,,246,24,قَرَصَفَ
"",,,,,,قرْ ََصَ,260,33,قَرَصَمَ
"",,,,,,قرْصَنَََ,,,قَرَصَنَ
"",,,,,,قرْضَ ََب,25,4,قَرَضَبَ
"",,,,,,قرْ ََضَ,261,33,قَرَضَمَ
"",,,,تقََرْطَ ََب,,قرْطَبََ,28,4,قَرَطَبَ
"",,,,تقََرْطَ َسَ,,قرْطَ َسَ,365,16,قَرَطَسَ
"",,,,تقََرْطَط,,قرْطَط,17,20,قَرَطَطَ
"",,,,تقََرْطَ َقَ,,قرْطَ َقَ,336,26,قَرَطَقَ
"",,,,,,قرْطَلََ,245,30,قَرَطَلَ
"",,,,,,قرْطَ ََم,261,33,قَرَطَمَ
"",اِقْرَعَب,,,,,,29,4,قَرَعَبَ
"",,,,تقََرْعَ ََث,,,327,5,قَرَعَثَ
"",اِقْرَعَ َف,,,تقََرْعَ َفَ,,,247,24,قَرَعَفَ
"",,,,,,قرْف ََدََ,,,قَرَفَدَ
"",,,,تقََرْفصَََ,,قرْفصَََ,94,18,قَرَفَصَ
"",,اِقْ نرَفَْ ََط,,,,,21,20,قَرَفَطَ
"",,اِقْ نرَفَْ ََع,,تقََرْفََعَ,,,555,21,قَرَفَعَ
"",,,,,,قرْفلَََ,246,30,قَرَفَلَ
"",,,,تقََرْق ََبَ,,قرْق ََبَ,29,4,قَرَقَبَ
"",,,,,,قرْقحََََ,,,قَرَقَحَ
ملحقَبالمزيدَبحرفين,اِفعَللَ,اِفعَنللَََ,ملحقَبالمزيدَبحرف,تفَعْللَََ,ملحقَبمجردَالرباعي,فعَْللَََ,م,ص,ج
"",,,,,,,,,
"",,,,,,قرْق ََدَ,,,قَرَقَدَ
"",,,,تقََرْق ََرَ,,قرْقرَََ,,,قَرَقَرَ
"",,,,تقََرْقسَََ,,قرْق َسََ,368,16,قَرَقَسَ
"",,,,,,قرْقشَََ,,,قَرَقَشَ
"",,,,,,قرْقصَََ,95,18,قَرَقَصَ
"",,,,,,قرْقطََ,,,قَرَقَطَ
"",,,,تقََرْقََعَ,,قرْقََعََ,,,قَرَقَعَ
"",,,,تقََرْق َفََ,,قرْق َفََ,256,24,قَرَقَفَ
"",,,,,,قرْق ََلَ,247,30,قَرَقَلَ
"",,,,تقََرْقمَََ,,قرْقمَََ,263,33,قَرَقَمَ
"",,,,تقََرْمَدََ,,قرْمَ ََد,31,9,قَرَمَدَ
"",,,,تقََرْمَ ََز,,قرْمَ ََز,279,15,قَرَمَزَ
"",,,,,,قرْمَ َشَ,332,17,قَرَمَشَ
"",,,,تقََرْمَ َصَ,,قرْمَ َصَ,96,18,قَرَمَصَ
"",,اِقْرَمطََ,,تقََرْمَط,,قرْمَط,22,20,قَرَمَطَ
"",,,,,,قرْمَ ََل,247,30,قَرَمَلَ
"",,,,,ق نرْبَََ,,30,4,قَرَنَبَ
"",,,تقََ نرْسَََ,,ق نرْسَََ,,369,16,قَرَنَسَ
"",,,تقََ نرْصَََ,,ق نرْصَََ,,97,18,قَرَنَصَ
"",,,,,قرْوَ ََل,َ,,,قَرَوَلَ
"",,,,,,ق بزْ ََرَ,411,13,قَزَبَرَ
"",,,,,,قزْقزَََ,,,قَزَقَزَ
"",اِقْسَأنَ,,,,,َ,,,قَسَءَنَ
"",,,,,,قسْبََََ,414,13,قَسَبَرَ
"",,,,,,قسْطَرََ,414,13,قَسَطَرَ
"",,,,,,قسْطَلََ,250,30,قَسَطَلَ
"",,,,,,قسْطَنََ,558,35,قَسَطَنَ
"",,,,تقََسْق َسََ,,قسْقسََََ,,,قَسَقَسَ
"",,,,,قسْوَََر,َ,,,قَسَوَرَ
"",,,,,,قشْبََََ,419,13,قَشَبَرَ
"",اِقْشَعَر,,,تقََشْعَرََ,,قشْعَ ََر,420,13,قَشَعَرَ
"",,,,تقََشْعَمََ,,قشْعَ ََم,279,33,قَشَعَمَ
"",,,,تقََشْقَ ََر,,قشْقَ ََرَ,,,قَشَقَرَ
ملحقَبالمزيدَبحرفين,اِفعَللَ,اِفعَنل ََلَ,ملحقَبالمزيدَبحرف,تفَعْللَََ,ملحقَبمجردَالرباعي,فعَْللَََ,م,ص,ج
"",,,,,,,,,
"",,,,تقََشْقَشََ,,قشْقََشَََ,,,قَشَقَشَ
"",,,,,,,,,
"",اِقْصَألَ,,,,,َ,,,قَصَءَلَ
"",,,,,,قصَْبَلََ,256,30,قَصَبَلَ
"",,,,تقََصْدَرََ,,قصَْدَرَََ,,,قَصَدَرَ
"",اِقْصَعَل,,,,,,256,30,قَصَعَلَ
"",,,,,,قصَْفَلََ,257,30,قَصَفَلَ
"",,,,,,قصَْقَصَََ,,,قَصَقَصَ
"",,,,,,قصَْمَلََ,257,30,قَصَمَلَ
"",,,,تقََضْقَضََ,,قضَْقَضَََ,,,قَضَقَضَ
"",,,,تقََطْرَ َبَ,,قطَْرَ َبَ,61,4,قَطَرَبَ
"",,,,,,قطَْرَ ََنَ,,,قَطَرَنَ
"",اِقْطَعَر,,,,,,451,13,قَطَعَرَ
"",,,,تقََطْقَط,,قطَْقَطَ,,,قَطَقَطَ
"",اِقْعَألَ,,,,,َ,,,قَعَءَلَ
"",,,,,,قعْبَلََ,262,30,قَعَبَلَ
"",,,,,,قعْثَََ,456,13,قَعَثَرَ
"",,,,تقََعْث ََلَ,,,263,30,قَعَثَلَ
"",,اِقْعَنْدَدََ,,,,قعْدَدَََ,,,قَعَدَدَ
"",,,,,,قعْرَطََ,46,20,قَعَرَطَ
"",,,,,,قعْسََ ََب,65,4,قَعَسَبَ
"",,,,,,قعْ ََسَ,456,13,قَعَسَرَ
"",,اِقْعَنسَْ َسَ,,,,,386,16,قَعَسَسَ
"",,اِقْعَنْصَََ,,,,,457,13,قَعَصَرَ
"",,,,,,قعْضَ ََب,65,4,قَعَضَبَ
"",,,,,,قعْطَ ََب,66,4,قَعَطَبَ
"",اِقْعَطَر,,,,,قعْطَرََ,458,13,قَعَطَرَ
"",,,,,,قعْطَلََ,263,30,قَعَطَلَ
"",,اِقْعَنْفَ ََز,,تقََعْفَ ََز,,قعْفَزََ,284,15,قَعَفَزَ
"",,,,تقََعْقَََع,,قعْقَََعَ,,,قَعَقَعَ
"",,,,,,قعْمَ َسَ,385,16,قَعَمَسَ
"",,,,,,قعْمَصََ,112,18,قَعَمَصَ
"",,,,,,قعْمَ ََل,264,30,قَعَمَلَ
"",,,تقََعْنسَََ,,قعْنسَََ,,386,16,قَعَنَسَ
ملحقَبالمزيدَبحرفين,اِفعَللَ,اِفعَنللَََ,ملحقَبالمزيدَبحرف,تفَعْل ََلَ,ملحقَبمجردَالرباعي,فعَْللَََ,م,ص,ج
"",,,,,,,,,
"",,,تقََعْوَسََ,,,َ,,,قَعَوَسَ
"",,,تقََعْوَ ََن,,قعْوَ ََن,َ,,,قَعَوَنَ
"",,,,,,قفَْطَلََ,271,30,قَفَطَلَ
"",اِقْفَعَل,,,تقََفْعَ ََل,,,271,30,قَفَعَلَ
"",,,,تقََفْقَفََ,,قفَْقَفَََ,,,قَفَقَفَ
"",,,,,,قفَْل ََطَ,51,20,قَفَلَطَ
"",,,,,,قلَحَْفَََ,,,قَلَحَفَ
"",اِقْلحََم,,,,,,294,33,قَلَحَمَ
"",,,,تقََلزَََم,,قلَزَََم,295,33,قَلَزَمَ
"",,,تقََلسََْ,,قلَ َسَْ,َ,,,قَلَسَيَ
"",اِقْلعََت,,,,,,44,5,قَلَعَتَ
"",اِقْلعَََث,,,تقََلعَثََ,,,328,5,قَلَعَثََ
"",اِقْلعََد,,,,,,70,9,قَلَعَدَ
"",اِقْلعََط,,,,,,53,20,قَلَعَطَ
"",اِقْلعََفَ,,,,,,281,24,قَلَعَفَ
"",اِقْلعََم,,,,,,297,33,قَلَعَمَ
"",,,,,,قلَفَْحََ,61,7,قَلَفَحَ
"",,,,,,قلَقَْسََ,396,16,قَلَقَسَ
"",,,,تقََلقَْلََ,,قلَقَْلَََ,,,قَلَقَلَ
"",,,,,,قلَمَََع,74,22,قَلَمَعَ
"",,,تقََلنسَََ,,قلَنسَََ,,397,16,قَلَنَسَ
"",,,,,,قمْجَ ََر,471,13,قَمَجَرَ
"",,,,,,قمْرَصََ,126,18,قَمَرَصَ
"",اِقْمَطَر,,,,,قمْطَ ََر,472,13,قَمَطَرَ
"",اِقْمَعَد,,,,,,72,9,قَمَعَدَ
"",اِقْمَعَط,,,,,,55,20,قَمَعَطَ
"",,,,,,قمْعَ ََل,285,30,قَمَعَلَ
"",,,,تقََمْقَمََ,,َ,,,قَمَقَمَ
"",اِقْمَهدَ,,,,,,72,9,قَمَهَدَ
"",,,,,قنَبسَََ,,402,16,قَنَبَسَ
"",,,,,قنَبَْعََ,,83,22,قَنَبَعَ
"",,,,,قنَبَْ ََل,,287,30,قَنَبَلَ
"",,,,,قنَثْ ََلَ,,288,30,قَنَثَلَ
ملحقَبالمزيدَبحرفين,اِفعَللَ,اِفعَنللَََ,ملحقَبالمزيدَبحرف,تفَعْللَََ,ملحقَبمجردَالرباعي,فعَْل ََلَ,م,ص,ج
"",,,,,,,,,
"",,,تقََندَرََ,,قنَدَرََ,,480,13,قَنَدَرَ
"",,,,,,,,,
"",,,,,قنَدَسََ,,402,16,قَنَدَسَ
"",,,,,قنَدَ ََل,,289,30,قَنَدَلَ
"",,,,,قنَْْعَََ,,86,22,قَنَزَعَ
"",,,تقََن ََسَْ,,قن ََسَْ,,480,13,قَنَسَرَ
"",,,تقََنطَْرََ,,قنَطَْرََ,,483,13,قَنَطَرَ
"",,,,,قنَعَشََ,,342,17,قَنَعَشَ
"",,,تقََنفَْذََ,,قنَفَْذََ,,460,9,قَنَفَذَ
"",,,تَقَنفَْ َشَ,,قنَفَْشََ,,343,17,قَنَفَشَ
"",,,تقََنفَْ ََع,,,,102,22,قَنَفَعَ
"",,,,,قنَفََْ ََل,,291,30,قَنَفَلَ
"",,,,,,قهبَْ ََل,301,30,قَهَبَلَ
"",,,,تقََهقَْ ََر,,قهقَْ ََر,497,13,قَهَقَرَ
"",,,,,,قهقَْعََ,106,22,قَهَقَعَ
"",,,,,,قهقَْ ََه,481,36,قَهَقَهَ
"",,,,,,قهمَ ََز,293,15,قَهَمَزَ
"",,,تقََهوَْ َسَ,,قهوَْ َسَ,,418,16,قَهَوَسَ
"",,,تقََوْ ََصَْ,,قوَْ ََصَْ,َ,,,قَوَصَرَ
"",,,,,قوَْطَبََ,َ,,,قَوَطَبَ
"",,,تقََوْطَ ََن,,قوَْطَنََ,َ,,,قَوَطَنَ
"",,,تقََوْعَ َسَ,,,َ,,,قَوَعَسَ
"",,,تقََوْعَشََ,,قوَْعَ َشَ,َ,,,قَوَعَشَ
"",,,,,قوَْلبَ1ََ,َ,,,قَوَلَبَ
"",,,,,قوَْننَََ,َ,,,قَوَنَنَ
"",,,تقََيْطَنََ,,قيَْطَنََ,َ,,,قَيَطَنَ
"",,,,,قيَْقَنََ,َ,,,قَيَقَنَ
"",,,,تكَََ َكََْ,,كََكَََ,382,1,كَءَكَءَ
"",اِكْبَأنَ,,,,,َ,,,كَبَءَنَ
"",,,,تكََبَْتََ,,كَبَْتََ,54,5,كَبَرَتَ
"",,,,,,,330,5,كَبَعَثَ
"",,,,تَكَبْكَ ََب,,كَبْكَبَََ,,,كَبَكَبَ
"",,,,,,كَتْمََ,328,33,كَتَرَمَ
ملحقَبالمزيدَبحرفين,اِفعَللَ,اِفعَنل ََلَ,ملحقَبالمزيدَبحرف,تفَعْللَََ,ملحقَبمجردَالرباعي,فعَْللَََ,م,ص,ج
"",,,,,,,,,
"",,,,,,كَتْكَ َتََ,,,كَتَكَتَ
"",,,,,,كَثكَثَََ,,,كَثَكَثَ
"",,,,,,كَحْرَتَََ,,,كَحَرَتَ
"",,,,,,كَحْكَحَََ,,,كَحَكَحَ
"",,,,تكََدْكَ ََد,,كَدْكَدَََ,,,كَدَكَدَ
"",,,,,,كَرْبَ ََج,173,6,كَرَبَجَ
"",,,,,,كَرْب ََحَ,72,7,كَرَبَحَ
"",,,,,,كَرْبدَََ,107,9,كَرَبَدَ
"",,,,تكََرْبسَََ,,كَ َبرْ َسَ,432,16,كَرَبَسَ
"",,,,تكََرْب َشََ,,كَرْب َشََ,352,17,كَرَبَشَ
"",,,,تكََرْب ََعَ,,كَرْبعَََ,114,22,كَرَبَعَ
"",,,,,,كَرْبلَََ,325,30,كَرَبَلَ
"",,,,تكََرْتبَََ,,,142,4,كَرَتَبَ
"",,,,تكََرْت ََحَ,,كَرْتحَََ,72,7,كَرَتَحَ
"",,,,تكََرْت ََعَ,,كَرْتعَََ,114,22,كَرَتَعَ
"",,,,,,كَرْتَََ,351,33,كَرَتَمَ
"",,,,تكََرْثَأَ,,كَرْثأََ,385,1,كَرَثَءَ
"",,,,تكََرْدَ ََح,,كَرْدَحََ,72,7,كَرَدَحَ
"",,,,تكََرْدَ َسَ,,كَرْدَ َسَ,433,16,كَرَدَسَ
"",,,,تكََرََْدََم,,كَرْدَمََ,351,33,كَرَدَمَ
"",,,,,,كَرْزَمََ,353,33,كَرَزَمَ
"",,,,تكََرْ ََسَ1,,كَرْسََََ,,,كَرَسَحَ
"",,,,,,كَرْسَََع,114,22,كَرَسَعَ
"",,,,تكََرْسَ َفَ,,,302,24,كَرَسَفَ
"",,,,,,كَرْسَََ,354,33,كَرَسَمَ
"",,,,,,كَرْضَََ,355,33,كَرَضَمَ
"",,,,تكََرْفَأَ,,كَرْفَأَ,386,1,كَرَفَءَ
"",,,,تكََرْف َسََ,,كَرْف َسََ,441,16,كَرَفَسَ
"",,,,,,كَرْكَبََ,142,4,كَرَكَبَ
"",,,,تكََرْكَرََ,,كَرْكَرََ,31,14,كَرَكَرَ
"",,,,تكََرْكَ َسَ,,كَرْكَسََ,442,16,كَرَكَسَ
"",,,,,,كَرْكَ ََعَ,,,كَرَكَعَ
ملحقَبالمزيدَبحرفين,اِفعَللَ,اِفعَنللَََ,ملحقَبالمزيدَبحرف,تفَعْل ََلَ,ملحقَبمجردَالرباعي,فعَْللَََ,م,ص,ج
"",,,,,,,,,
"",,,,,,كَرْمَحََ,73,7,كَرَمَحَ
"",,,,,,,,,
"",,,,,,كَرْمَدََ,108,9,كَرَمَدَ
"",,,,تكََرْمَ َشَ,,كَرْمَ َشَ,358,17,كَرَمَشَ
"",,,,,,كَرْمَ َصَ,137,18,كَرَمَصَ
"",,,,,كَ نرْ ََبَ,,142,4,كَرَنَبَ
"",,,تكََ نرْثَََ,,,,,,كَرَنَثَ
"",,,,,كَرْن ََزَ,َ,,,كَرَنَزَ
"",,,,,كَ نرْفَََ,,305,24,كَرَنَفَ
"",اِكْرَهَ َف,,,,,,306,24,كَرَهَفَ
"",,,,,,كَزْكَ ََزَ,,,كَزَكَزَ
"",,,,,,كَس تَ ََكَ,,,كَسَتَكَ
"",,,,,,كَسْعَمََ,358,33,كَسَعَمَ
"",,,,تكََسْك َسََ,,كَسْك َسَََ,,,كَسَكَسَ
"",,,,,,كَشْخَن1ََ,55,36,كَشَخَنَ
"",,,,,,كَشْكَ َشََ,,,كَشَكَشَ
"",,,,,,كَشْمَرََ,45,14,كَشَمَرَ
"",,,,,,كَضْكَ َضَ,42,19,كَضَكَضَ
"",,,,تكََظْكَظ,,كَظْكَظَ,,,كَظَكَظَ
"",,,,تَكَعْبََََ,,كَعْبََََ,48,14,كَعَبَرَ
"",,,,,,كَعْبسَََ,447,16,كَعَبَسَ
"",,,,تَكَعْبَشََ,,كَعْبَ َشَ,364,17,كَعَبَشَ
"",,,,,,كَعْ ََتَ,50,14,كَعَتَرَ
"",,,,تكََثعَْ ََب,,,155,4,كَعَثَبَ
"",,,,,,كَعْثَََ,50,14,كَعَثَرَ
"",,,,,,كَعْرَمََ,369,33,كَعَرَمَ
"",,,,,,كَعْسَ ََب,156,4,كَعَسَبَ
"",,,,,,كَعْسَ ََم,369,33,كَعَسَمَ
"",,,,,,كَعْضَلََ,331,30,كَعَضَلَ
"",,,,,,كَعْطَلََ,331,30,كَعَطَلَ
"",,,,,,كَعْظَ ََل,331,30,كَعَظَلَ
"",,,,تكََعْكََعَ,,كَعْكَََعَ,,,كَعَكَعَ
"",,,,,,كَعْمَرََ,50,14,كَعَمَرَ
ملحقَبالمزيدَبحرفين,اِفعَللَ,اِفعَنللَََ,ملحقَبالمزيدَبحرف,تفَعْل ََلَ,ملحقَبمجردَالرباعي,فعَْللَََ,م,ص,ج
"",,,,,,,,,
"",,,,تكََعْمَزََ,,,301,15,كَعَمَزَ
"",,,تكََعْنشَََ,,,,365,17,كَعَنَشَ
"",,,,,,كَعْوَ ََر,47,14,كَعَوَرَ
"",,,,,,كَغْبَجَََ,,,كَغَبَجَ
"",,,,تكََفْكَفََ,,كَفْكَفَََ,,,كَفَكَفَ
"",اِكْفَهر,,,,,,65,14,كَفَهَرَ
"",اِكْْلز,,,,,َ,,,كَلَءَزَ
"",,,,,,كََ َََث,374,33,كَلَثَمَ
"",,,,,,كََحَبََ,177,4,كَلَحَبَ
"",,اِكَْنَْدَدََ,,,,َ,,,كَلَدَد
"",,اِكَْنَْدَى,,,,َ,,,كَلَدَي
"",,,,,,كََسَ ََم,376,33,كَلَسَمَ
"",,,,,,كََشَ ََم,376,33,كَلَشَمَ
"",,,,,,كََصَ ََم,376,33,كَلَصَمَ
"",,,,,,كََمَ َسَ,450,16,كَلَمَسَ
"",,,,,,كََمََشََ,365,17,كَلَمَشَ
"",,,,,,كََمَصََ,139,18,كَلَمَصَ
"",,,,,,كََه َسََ,450,16,كَلَهَسَ
"",,,,,,كََتَََْ,67,14,كَمَتَرَ
"",,,,,,كََعَ ََر,69,14,كَمَعَرَ
"",,,,تكََْكََ,,كََ َكََْ,,,كَمَكَمَ
"",اِكَْهَدَ,,,,,,114,9,كَمَهَدَ
"",اِكَْهَلَ,,,تكََْه ََلَ,,كََه ََلَ,357,30,كَمَهَلَ
"",,,تكََنبَْ َتَ,,كَنَْب َتَ,,70,5,كَنَبَتَ
"",,,تكََنبَْثََ,,كَنْب ََثَ,,335,5,كَنَبَثَ
"",,,تكََنبشَََ,,,,367,17,كَنَبَشَ
"",,,تكََن ََثَْ,,,,70,14,كَنَثَرَ
"",,,تكََنعَثََ,,,,335,5,كَنَعَثََ
"",,,,,كَنْعَ ََر,,72,14,كَنَعَرَ
"",,,,,كَنْفَ َشَ,,369,17,كَنَفَشَ
"",,,,,كَنْكَنََ,َ,,,كَنَكَنَ
"",,,,,كَنْْفَََ,,339,24,كَنَهَفَ
"",,,,تكََهرَبََ,,كَهرَ َبَ,183,4,كَهَرَبَ
ملحقَبالمزيدَبحرفين,اِفعَللَ,اِفعَنل ََلَ,ملحقَبالمزيدَبحرف,تفَعْللَََ,ملحقَبمجردَالرباعي,فعَْللَََ,م,ص,ج
"",,,,,,,,,
"",,,,تكََهكْ ََهَ,,كَهكَهََ,491,36,كَهَكَهَ
"",,,,,,,,,
"",,,,,,كَهمَسََ,459,16,كَهَمَسَ
"",اِكْوَأَد,,,,,َ,,,كَوَءَدَ
"",اِكْوَأَل,,,,,َ,,,كَوَءَلَ
"",,,,,كَوْدَََأ,َ,,,كَوَدَءَ
"",,,نكََوْ ََسَ,,كَوْ ََسَ,َ,,,كَوَسَجَ
"",,,,,كَوْعَرََ,َ,,,كَوَعَرَ
"",,,,,كَوْفلَََ,َ,,,كَوَفَلَ
"",,,,,كَوْكَبََ,َ,,,كَوَكَبَ
"",اِكْوَهَد,,,,,َ,,,كَوَهَدَ
"",,,,تلََْلََ,,لَ ََلَ,411,1,لَءَلَءَ
"",,,,تلَثَلْثَََ,,لثَلْ ََثََ,,,لَثَلَثَ
"",,,,تلَجَْلجَََ,,لجَْلجََََ,,,لَجَلَجَ
"",,,,تلَحَْلحَََ,,لحَْلحََََ,,,لَحَلَحَ
"",,,,,لحَْوَسََ,َ,,,لَحَوَسَ
"",,,,,,لخَْبَطَ,,,لَخَبَطَ
"",,,,تلَزَْلزَََ,,َ,,,لَزَلَزَ
"",,,,,,لسَْل َسَََ,,,لَسَلَسَ
"",,,,,,لصَْلصََََ,,,لَصَلَصَ
"",,,,تلَعَْ َََث,,لعَْ َََث,426,33,لَعَثَمَ
"",,,,تلَعَْذَََم,,,427,33,لَعَذَمَ
"",,,,تلَعَْسَمََ,,,427,33,لَعَسَمَ
"",,,,,,لعَْظَمََ,427,33,لَعَظَمَ
"",,,,تلَعَْلعَََ,,لعَْلََعََ,,,لَعَلَعَ
"",,,,,,لعَْمَظ,273,20,لَعَمَظَ
"",,,,,لعَْوَ َسَ,َ,,,لَعَوَسَ
"",,,,تلَغَْذَََم,,,429,33,لَغَذَمَ
"",,,,,,لغَْلََغَ,560,22,لَغَلَغَ
"",,,,تَلفَْل َفََ,,لفَْل َفَََ,,,لَفَلَفَ
"",,,,تلَقَْل َقََ,,لقَْل َقَََ,,,لَقَلَقَ
"",,,,,,لكَْْكَََ,,,لَكَلَكَ
"",,,,تلَمَْلَََ,,لمَْ َََلَ,,,لَمَلَمَ
"",,,,تلَهَجَْمََ,,,463,33,لَهَجَمَ
ملحقَبالمزيدَبحرفين,اِفعَللَ,اِفعَنل ََلَ,ملحقَبالمزيدَبحرف,تفَعْل ََلَ,ملحقَبمجردَالرباعي,فعَْللَََ,م,ص,ج
"",,,,,,,,,
"",,,,تلَهَذَمََ,,لهَذَمََ,463,33,لَهَذَمَ
"",,,,,,لهَزَمََ,464,33,لَهَزَمَ
"",,,,,,لهَسَمََ,465,33,لَهَسَمَ
"",,,,تلَهَ ََلَْْ,,,426,1,لَهَلَءَ
"",,,,,,لهَلْ ََبََ,,,لَهَلَبَ
"",,,,تلَهَ ََلَْ,,لهَلَََْ,494,36,لَهَلَهَ
"",,,,تلَهَمَ ََج,,,195,6,لَهَمَجَ
"",,,,,,لهَمَسََ,490,16,لَهَمَسَ
"",,,َتلهَوَْ ََج,,لهَوَْ ََج,َ,,,لَهَوَجَ
"",,,َتلهَوَْقََ,,لهَوَْقََ,َ,,,لَهَوَقَ
"",,,,,لوَْكَ ََث,َ,,,لَوَكَثَ
"",,,,,لوَْلبَََ,,226,4,لَوَلَبَ
"",,,تلَوَْلقَََ,,لوَْل َقََ,َ,,,لَوَلَقَ
"",,,,,لوَْمَ ََن,َ,,,لَوَمَنَ
"",,,,,ليَْقَنََ,َ,,,لَيَقَنَ
"",,,,,,مَأمََْأ,427,1,مَءَمَءَ
"",,,,تمََثمَْ ََث,,مَثمَْ ََثَ,,,مَثَمَثَ
"",,,,َتمَجْمَجََ,,مَجْمَجَََ,,,مَجَمَجَ
"",,,,تمََحْمَحََ,,مَحْمَ ََحَ,,,مَحَمَحَ
"",,,,,,مَخْرَ َقَ,380,26,مَخَرَقَ
"",,,,,,مَخْمَخََ,,,مَخَمَخَ
"",,,,,,مَخْمَضَََ,,,مَخَمَصَ
"",,,,تمََدْهَ ََن,,َ,,,مَدَهَنَ
"",,,,تمََدْينَََ,,َ,,,مَدَيَنَ
"",,,,,,مَذْحَ ََج,205,6,مَذَحَجَ
"",,,,,,مَذْرَ َقَ,382,26,مَذَرَقَ
"",اِمْذَقر,,,تمََذْق ََرَ,,,101,14,مَذَقَرَ
"",,,,,,مَذْمَذََ,,,مَذَمَذَ
"",اِمْرَخَد,,,,,,171,9,مَرَخَدَ
"",,,,تمََرْدَعََ,,َ,,,مَرَدَعَ
"",,,,تمََرْدَ َغ,,مَرْدَغَََ,,,مَرَدَغَ
"",,,,تمََرْطَ َسَ,,َ,,,مَرَطَسَ
"",,,,,,مَرْطَلََ,403,30,مَرَطَلَ
ملحقَبالمزيدَبحرفين,اِفعَللَ,اِفعَنل ََلَ,ملحقَبالمزيدَبحرف,تفَعْللَََ,ملحقَبمجردَالرباعي,فعَْللَََ,م,ص,ج
"",,,,,,,,,
"",,,,,,مَرْغنََََ,,,مَرَغَنَ
"",,,,,,,,,
"",,,,تمََرْفقَََ,,َ,,,مَرَفَقَ
"",,,,,,مَرْمَ َتََ,,,مَرَمَتَ
"",,,,تمََرْمَرََ,,مَرْمَ ََرَ,,,مَرَمَرَ
"",,,,,,مَرْمَ ََطَ,,,مَرَمَطَ
"",,,,,,مَرْهَََ,466,33,مَرَهَمَ
"",,,,تمََزْمَزََ,,مَزْمَ ََزَ,,,مَزَمَزَ
"",اِمْزَهَل,,,,,,404,30,مَزَهَلَ
"",,,,تمََسْك ََنَ,,مَسْكَ ََن,333,27,مَسَكَنَ
"",,,,تمََسْ َََل,,َ,,,مَسَلَمَ
"",,,,,,مَسْمَ ََرَ,,,مَسَمَرَ
"",,,,,,مَسْمَ َسََ,,,مَسَمَسَ
"",,,,تمََشْقعَََ,,,,,مَشَقَعَ
"",,,,,,مَشْمَ َشََ,,,مَشَمَشَ
"",,,,,مَشْوَرََ,َ,,,مَشَوَرَ
"",,,,,,مَصْطَ ََك,340,27,مَصَطَكَ
"",,,,,,مَصْمَصَََ,,,مَصَمَصَ
"",اِمْضَحَل,,,,,,408,30,مَضَحَلَ
"",,,,تمََضْمَضََ,,مَضْمَ َضََ,,,مَضَمَضَ
"",,,,تمََطْمَ َط,,مَطْمَطَ,,,مَطَمَطَ
"",,,,تمََعْدَََد,,َ,,,مَعَدَدَ
"",,,,,,مَعْمَََعَ,,,مَعَمَعَ
"",,,,تمََغْ ََثَ,,َ,,,مَغَثَرَ
"",,,,تمََعْزَلََ,,َ,,,مَغَزَلَ
"",,,,تمََغْمَََغ,,مَغْمَََغ,572,22,مَغَمَغَ
"",,,,تمََقْحَ َسَ,,,512,16,مَقَحَسَ
"",,,,تَمَقْمَ َقَ,,مَقْمَقَََ,,,مَقَمَقَ
"",,,,تمََكْحَ ََل,,َ,,,مَكَحَلَ
"",,,,تمََكْْ ََكَ,,مَكْْ ََكَ,,,مَكَمَكَ
"",,,,,,مَكْْ ََنََ,,,مَكَمَنَ
"",اِمْلَْج,,,,,َ,,,مَلَءَجَ
"",,,,تمََلمَلََ,,مَلمَ ََلَ,,,مَلَمَلَ
"",,,,,مَندَقََ,َ,,,مَنَدَقَ
ملحقَبالمزيدَبحرفين,اِفعَللَ,اِفعَنل ََلَ,ملحقَبالمزيدَبحرف,تفَعْللَََ,ملحقَبمجردَالرباعي,فعَْللَََ,م,ص,ج
"",,,,,,,,,
"",,,تمََنْدَلََ,,,,427,30,مَنَدَلَ
"",,,,,مَنذَرََ,َ,,,مَنَذَرَ
"",,,تمََنْطَ َقَ,,,َ,,,مَنَطَقَ
"",,,,تمََهجَْ ََر,,,161,14,مَهَجَرَ
"",,,,,,مَهرَ ََجَ,,,مَهَرَجَ
"",,,,,,مَهمَ ََهَ,,,مَهَمَهَ
"",,,,,مَهيَْ َصَ,َ,,,مَهَيَصَ
"",,,تمََوْلَىَ,,,َ,,,مَوَلَيَ
"",,,,,,نأَمَْلََ,440,30,نَءَمَلَ
"",,,تنَأنْأََ,,نَانأََ,,442,1,نَءَنَءَ
"",,,,,,نبَْذَرََ,168,14,نَبَذَرَ
"",,,,,نبَْنبََََ,َ,,,نَبَنَبَ
"",,,,,نتَْنتََََ,َ,,,نَتَنَتَ
"",,,تنَجَْنجَََ,,نَْن ََجََ,َ,,,نَجَنَجَ
"",,,تنَحَْنحَََ,,نَْنحََََ,َ,,,نَحَنَحَ
"",,,,,,نَْرَبََ,250,4,نَخَرَبَ
"",,,,,,نَْسَسَََ,,,نَخَسَسَ
"",,,,,,نَْصَ َصََ,,,نَخَصَصَ
"",,,تنَخَْنخَََ,,نَْن ََخََ,َ,,,نَخَنَخَ
"",,,,,نسَْنسَََ,َ,,,نَسَنَسَ
"",,,َتنشَْن َشََ,,نشَْن َشَََ,َ,,,نَشَنَشَ
"",,,,,نصَْنصَََ,َ,,,نَصَنَصَ
"",,,تَنضَْن َضَ,,نضَْن َضََ,َ,,,نَضَنَضَ
"",,,تنَطَْنطَ,,نطَْن ََطَ,َ,,,نَطَنَطَ
"",,,,,,نعَْث ََلَ,14,31,نَعَثَلَ
"",,,,,,نعَْدَلََ,14,31,نَعَدَلَ
"",,,,,,نعَْظَلََ,15,31,نَعَظَلَ
"",,,تنَعْنعَََ,,,َ,,,نَعَنَعَ
"",,,,تنَغْبَقََ,,,429,26,نَغَبَقَ
"",,,,تنَغْمَ َشَ,,نغَْمَ َشََ,,,نَغَمَشَ
"",,,,,نغَْنغَََ,َ,,,نَغَنَغَ
"",,,,,,نفَْرَ ََج,249,6,نَفَرَجَ
"",,,,,,نقَْ ََرََد,235,9,نَقَرَدَ
ملحقَبالمزيدَبحرفين,اِفعَللَ,اِفعَنللَََ,ملحقَبالمزيدَبحرف,تفَعْللَََ,ملحقَبمجردَالرباعي,فعَْل ََلَ,م,ص,ج
"",,,,,,,,,
"",,,,,,نقَْرَشََ,428,17,نَقَرَشَ
"",,,,,,,,,
"",,,,,نقَْن َقََ,َ,,,نَقَنَقَ
"",اِنقَْهل,,,,,,32,31,نَقَهَلَ
"",,,,,,نكَْرَ َشَ,429,17,نَكَرَشَ
"",,,تنَمْرَََد,,,,240,9,نَمَرَدَ
"",,,,,نمَْ ََنَ,َ,,,نَمَنَمَ
"",,,,,,نَْبَ ََل,51,31,نَهَبَلَ
"",,,,,,نَْتَََ,322,14,نَهَتَرَ
"",,,,,,نَْرَ ََج,253,6,نَهَرَجَ
"",,,,,,نَْ ََسَ,323,14,نَهَسَرَ
"",,,,,,نَْشَلََ,51,31,نَهَشَلَ
"",,,,,,نَْمَ َسَ,589,16,نَهَمَسَ
"",,,تنََْنْ ََه,,نَْن ََه,,531,36,نَهَنَهَ
"",,,,,نوَْدَ ََل,َ,,,نَوَدَلَ
"",,,,,نوَْسَرََ,َ,,,نَوَسَرَ
"",,,,,نيَْبََ,َ,,,نَيَرَبَ
"",,,,,نيَشَ ََن,َ,,,نَيَشَنَ
"",,,,,نيَْفَقََ,,446,26,نَيَفَقَ
"",,,,,,هَاْهَأَ,501,1,هَءَهَءَ
"",,,,,,هَبَْ ََج,267,6,هَبَرَجَ
"",,,,تََ برْ َسََ,,هَبَْسََ,23,17,هَبَرَسَ
"",,,,َتََبَْمََ,,هَبَََْم,66,34,هَبَرَمَ
"",,اِهْبَنْقَعََ,,,,,380,22,هَبَقَعَ
"",,,,تََبََْبَََ,,هَبَْبََََ,,,هَبَهَبَ
"",,,,,,هَتْ َََل,68,34,هَتَلَمَ
"",,,,,,هَتْمَرََ,396,14,هَتَمَرَ
"",,,,,,هَتْمَ ََل,114,31,هَتَمَلَ
"",,,,,,هَتْ ََمنََ,273,36,هَتَمَنَ
"",,,,تََتََْتَََ,,هَتَْ َتَََ,,,هَتَهَتَ
"",,,,,,هَثمَ ََر,396,14,هَثَمَرَ
"",,,,,,هَثْْ ََثََ,,,هَثَهَثَ
"",,,,تََجَْهجَََ,,هََه ََجََ,,,هَجَهَجَ
"",,,,تََدْكَ ََر,,هَدْكَ ََر,417,14,هَدَكَرَ
ملحقَبالمزيدَبحرفين,اِفعَللَ,اِفعَنللَََ,ملحقَبالمزيدَبحرف,تفَعْل ََلَ,ملحقَبمجردَالرباعي,فعَْللَََ,م,ص,ج
"",,,,,,,,,
"",,,,,,هَدْمَ ََل,123,31,هَدَمَلَ
"",,,,,,هَدْهَ ََدَ,,,هَدَهَدَ
"",,,,تََذْخَرََ,,هَذْخَرََ,420,14,هَذَخَرَ
"",,,,,,هَذََْربََ,388,4,هَذَرَبَ
"",,,,,,هَذََْر َفَ,490,24,هَذَرَفَ
"",,,,,,هَذْرَمََ,81,34,هَذَرَمَ
"",,,,تََذْكَ ََر,,,420,14,هَذَكَرَ
"",,,,,,هَذَْلبََ,389,4,هَذَلَبَ
"",,,,,,هَذْلمَََ,82,34,هَذَلَمَ
"",,,,تََرْب ََلَ,,هَرْب ََلََ,,,هَرَبَلَ
"",,,,,,هَرْجََ ََب,391,4,هَرَجَبَ
"",,,,,,هَرْجَ ََل,127,31,هَرَجَلَ
"",,,,,,هَرْدَبََ,392,4,هَرَدَبَ
"",,,,,,هَرْدَلََ,127,31,هَرَدَلَ
"",,اِهْ نرَشَْفََ,,تََرْشَفََ,,هَرْشَ َفَ,492,24,هَرَشَفَ
"",,,,,,هَرْطَ ََم,92,34,هَرَطَمَ
"",,,,,,هَرْمَ ََز,381,15,هَرَمَزَ
"",,,,,,هَرََْمسََ,31,17,هَرَمَسَ
"",,,,,,هَرْمَ ََط,194,20,هَرَمَطَ
"",,اِهْرَمعََ,,,,,392,22,هَرَمَعَ
"",,,,,,هَرْمَ ََل,130,31,هَرَمَلَ
"",,,,,هَ نرْفَََ,,493,24,هَرَنَفَ
"",,,,َتََرْهَرََ,,هَرْهَرَََ,,,هَرَهَرَ
"",,,تََرْوَزََ,,هَرْوَزََ,,381,15,هَرَوَزَ
"",,,,,هَرْوَلََ,,131,31,هَرَوَلَ
"",,,,,,هَ بزْ ََرَ,433,14,هَزَبَرَ
"",,,,,,هَزْب ََلَ,135,31,هَزَبَلَ
"",,,,,,هَزْرَفََ,493,24,هَزَرَفَ
"",,,,,,هَزْرَقََ,23,27,هَزَرَقَ
"",,,,,,هَزْل ََجَ,280,6,هَزَلَجَ
"",,,,,,هَزْل ََعَ,397,22,هَزَلَعَ
"",,,,,,هَزْمَرََ,433,14,هَزَمَرَ
"",,,,َتََزْهَ ََز,,هَزْهَزَََ,,,هَزَهَزَ
ملحقَبالمزيدَبحرفين,اِفعَللَ,اِفعَنللَََ,ملحقَبالمزيدَبحرف,تفَعْل ََلَ,ملحقَبمجردَالرباعي,فعَْللَََ,م,ص,ج
"",,,,,,,,,
"",,,,َتََسْهسَََ,,هَسْه َسَََ,,,هَسَهَسَ
"",,,,,,,,,
"",,,,َتََشْهشَََ,,هَشْهشََََ,,,هَشَهَشَ
"",,,,,,هَصْه َصَََ,,,هَصَهَصَ
"",,,,,,هَضْهضََََ,,,هَضَهَضَ
"",,,,تََطَْرَ َسَ,,,35,17,هَطَرَسَ
"",,,,تََطَْل َسََ,,هَطْل َسََ,35,17,هَطَلَسَ
"",,,,َتََفْهفَََ,,هَفْهفََََ,,,هَفَهَفَ
"",,,,,,هَلقَْمََ,116,34,هَلَقَمَ
"",,,,,,هَلمَط,196,20,هَلَمَطَ
"",,اِهْلمَعََ,,,,,405,22,هَلَمَعَ
"",,,,تَََلهلَََ,,هَله ََلََ,,,هَلَهَلَ
"",اِهْْأكَ,,,,,َ,,,هَمَءَكَ
"",,,,,,هَْرَ ََج,285,6,هَمَرَجَ
"",,,,تََرْمَشََ,,,465,17,هَمَرَشَ
"",,,,,,هَْلَ ََج,285,6,هَمَلَجَ
"",,,,,,هَْلطَ,197,20,هَمَلَطَ
"",,,,,,هَْه ََمََ,,,هَمَهَمَ
"",,,,,هَنْبتَََ,,145,5,هَنَبَتَ
"",,,تََنَْبسَََ,,هَنْب َسََ,,44,17,هَنَبَسَ
"",,,,,هَنََْب َصَ,,215,18,هَنَبَصَ
"",,,,,هَنْبَضََ,,115,19,هَنَبَضَ
"",,,,,هَنْبََعََ,,413,22,هَنَبَعَ
"",,,,,هَنْبَ ََغ,,599,22,هَنَبَغَ
"",,,,,هَنْبَ ََل,,165,31,هَنَبَلَ
"",,,,,هَنْت ََبَ,,406,4,هَنَتَبَ
"",,,,,هَنْجَ ََم,َ,,,هَنَجَمَ
"",,,,,هَنْدَ ََز,,391,15,هَنَدَزَ
"",,,,,هَنْدَ َسَ,,44,17,هَنَدَس1َ
"",,,,,هَنْدَم2ََ,,126,34,هَنَدَمَ
"",,,تََنَْكفَََ,,,َ,,,هَنَكَفَ
"",,,,,هَنْْ ََنَ,َ,,,هَنَهَنَ
ملحقَبالمزيدَبحرفين,اِفعَللَ,اِفعَنل ََلَ,ملحقَبالمزيدَبحرف,تفَعْللَََ,ملحقَبمجردَالرباعي,فعَْللَََ,م,ص,ج
"",,,,,,,,,
"",اِهْوَأَن,,,,,َ,,,هَوَءَن
"",,,,,هَوْجَ ََل,َ,,,هَوَجَلَ
"",,,,,هَوْذَلََ,َ,,,هَوَذَلَ
"",,,,,هَيْ ََنَ,َ,,,هَيَنَمَ
"",,,,,,وَحْدَدَََ,,,وَحَدَدَ
"",,,تَوَحْوَ ََح,,وَحْوَ ََحَ,َ,,,وَحَوَحَ
"",,,,,وَرْوَ ََرَ,َ,,,وَرَوَرَ
"",,,توََسْوَسََ,,وَسْوَسََ,َ,,,وَسَوَسَ
"",,,توََشْوَ َشَ,,وَشْوَ َشَ,,451,17,وَشَوَشَ
"",,,توََصْوَ َصَ,,وَصْوَ َصََ,َ,,,وَصَوَصَ
"",,,ت ََوَطَْ ََو َطَ,,ََو َْطََو َطََ,َ,,,وَطَوَطَ
"",,,,,وَعْوََعََ,َ,,,وَعَوَعَ
"",,,,,وَغوَْشََ,َ,,,وَغَوَشَ
"",,,,,وَقْوَقَََ,َ,,,وَقَوَقَ
"",,,توََكْوَ ََك,,وَكْوَكََ,َ,,,وَكَوَكََ
"",,,,,وَلوَْ ََل,,100,31,وَلَوَلَ
"",,,,,وَهْوَََه,,553,36,وَهَوَهَ
"",,,,,,يَايأََ,521,1,يَءَيَءَ
"",,,,,,ي نرََْأَ,522,1,يَرَنَءَ
"",,,,,يََيَ ََه,,562,36,يَهَيَهَ
